parch,fare,has_cabin,pclass_1,pclass_3,sex_female,sex_male,embarked_C,embarked_S,title_grouped_Miss,title_grouped_Mr,title_grouped_Mrs,family_group_alone,family_group_large_family,family_group_small_family
-0.4475971418545622,-0.4992455636943435,0,0,1,1,0,0,0,1,0,0,1,0,0
-0.4475971418545622,-0.0906138112448647,0,0,0,1,0,1,0,0,0,1,0,0,1
1.8723741825104208,-0.0178896852931784,0,0,1,1,0,0,1,1,0,0,0,1,0
-0.4475971418545622,-0.5099878309062716,0,0,1,0,1,1,0,0,1,0,1,0,0
-0.4475971418545622,-0.5012917098299489,0,0,1,1,0,0,1,1,0,0,1,0,0
-0.4475971418545622,-0.5012917098299489,1,0,1,0,1,0,1,0,1,0,1,0,0
-0.4475971418545622,-0.125823893946362,0,1,0,0,1,1,0,0,1,0,1,0,0
-0.4475971418545622,-0.4971134794210427,0,0,1,0,1,0,1,0,1,0,1,0,0
-0.4475971418545622,-0.0501164869289631,1,1,0,0,1,1,0,0,1,0,1,0,0
-0.4475971418545622,-0.5033378559655542,0,0,1,0,1,0,1,0,1,0,1,0,0
-0.4475971418545622,-0.1820929126755099,0,0,1,1,0,0,0,1,0,0,0,0,1
-0.4475971418545622,-0.495664807957034,0,0,1,0,1,0,1,0,1,0,1,0,0
-0.4475971418545622,0.0276370662240412,1,1,0,0,1,0,1,0,1,0,1,0,0
0.7123885203279295,-0.3918228915750611,0,0,0,1,0,0,1,1,0,0,0,0,1
-0.4475971418545622,-0.5134826485058857,0,0,1,0,1,0,1,0,1,0,0,0,1
-0.4475971418545622,-0.508197453037617,0,0,1,0,1,0,1,0,1,0,1,0,0
0.7123885203279295,-0.1636775974550615,0,0,1,0,1,0,1,0,1,0,0,0,1
-0.4475971418545622,-0.495664807957034,0,0,1,0,1,0,1,0,1,0,1,0,0
1.8723741825104208,4.723542447438383,1,1,0,1,0,0,1,1,0,0,0,1,0
-0.4475971418545622,-0.5094762943723704,0,0,1,0,1,0,1,0,1,0,1,0,0
-0.4475971418545622,-0.4931071252875273,0,0,1,0,1,0,1,0,1,0,1,0,0
1.8723741825104208,-0.0178896852931784,0,0,1,0,1,0,1,0,0,0,0,1,0
1.8723741825104208,0.9719335078059232,1,1,0,1,0,0,1,1,0,0,0,0,1
-0.4475971418545622,-0.3691454539541468,0,0,1,1,0,0,1,0,0,1,0,0,1
-0.4475971418545622,-0.495664807957034,0,0,1,0,1,0,1,0,1,0,1,0,0
-0.4475971418545622,-0.4931071252875273,0,0,1,0,1,0,1,0,1,0,1,0,0
-0.4475971418545622,-0.5087949277092138,0,0,1,1,0,0,0,1,0,0,1,0,0
0.7123885203279295,-0.2265965911249269,0,0,1,0,1,0,1,0,0,0,0,1,0
0.7123885203279295,1.0437184526813663,1,1,0,1,0,1,0,0,0,1,0,0,1
1.8723741825104208,0.3018206483951618,0,0,1,1,0,0,1,1,0,0,0,1,0
-0.4475971418545622,-0.526101231724164,0,0,1,0,1,1,0,0,1,0,1,0,0
-0.4475971418545622,-0.2281312007266309,0,0,0,1,0,0,1,0,0,1,1,0,0
-0.4475971418545622,3.6697771876016136,1,1,0,0,1,1,0,0,1,0,1,0,0
-0.4475971418545622,-0.4690649081941641,0,0,1,0,1,0,1,0,1,0,1,0,0
-0.4475971418545622,-0.0501164869289631,1,1,0,0,1,1,0,0,1,0,1,0,0
1.8723741825104208,-0.1780006204042992,0,0,1,0,1,0,1,0,1,0,0,0,1
-0.4475971418545622,-0.1969274721586489,0,0,1,0,1,0,1,0,1,0,1,0,0
-0.4475971418545622,-0.3815921608970343,0,0,0,0,1,0,1,0,1,0,1,0,0
-0.4475971418545622,-0.4962622826286308,0,0,1,0,1,0,1,0,1,0,1,0,0
-0.4475971418545622,0.5939080092528294,1,1,0,0,1,0,1,0,1,0,0,0,1
-0.4475971418545622,-0.3283923613712944,0,0,1,0,1,0,1,0,1,0,1,0,0
-0.4475971418545622,-0.0703221800180662,1,1,0,1,0,1,0,1,0,0,1,0,0
0.7123885203279295,-0.483557761272657,0,0,1,1,0,1,0,0,0,1,0,0,1
1.8723741825104208,0.6721730989397352,0,0,0,1,0,0,1,1,0,0,0,0,1
-0.4475971418545622,3.997672105832375,0,1,0,0,1,1,0,0,1,0,1,0,0
-0.4475971418545622,-0.125823893946362,0,0,0,1,0,0,1,0,0,1,0,0,1
5.352331169057896,-0.0178896852931784,0,0,1,1,0,0,1,0,0,1,0,1,0
-0.4475971418545622,-0.4962622826286308,0,0,1,0,1,0,1,0,1,0,1,0,0
-0.4475971418545622,-0.5012917098299489,1,0,1,0,1,0,1,0,1,0,1,0,0
-0.4475971418545622,-0.5094762943723704,0,0,1,0,1,0,1,0,1,0,1,0,0
-0.4475971418545622,0.9121696714771612,1,1,0,1,0,1,0,0,0,1,0,0,1
1.8723741825104208,0.3018206483951618,0,0,1,0,1,0,1,0,0,0,0,1,0
-0.4475971418545622,-0.4805744802069444,0,0,1,1,0,0,1,1,0,0,1,0,0
-0.4475971418545622,-0.4992455636943435,0,0,1,0,1,0,0,0,1,0,1,0,0
-0.4475971418545622,-0.4805744802069444,0,0,1,0,1,0,1,0,1,0,1,0,0
0.7123885203279295,-0.2637689279704698,0,0,1,1,0,1,0,1,0,0,0,0,1
-0.4475971418545622,-0.4995872700989895,0,0,1,1,0,0,0,1,0,0,1,0,0
-0.4475971418545622,-0.3918228915750611,0,0,0,0,1,0,1,0,1,0,1,0,0
-0.4475971418545622,-0.5012917098299489,1,0,1,0,1,0,1,0,1,0,1,0,0
1.8723741825104208,-0.1780006204042992,0,0,1,0,1,0,1,0,0,0,0,0,1
-0.4475971418545622,-0.4429765449651956,1,0,0,1,0,0,1,0,0,1,1,0,0
0.7123885203279295,2.0942446631854725,1,1,0,1,0,1,0,0,0,1,0,0,1
-0.4475971418545622,-0.4992455636943435,0,0,1,0,1,0,0,0,1,0,1,0,0
-0.4475971418545622,-0.4987340271604422,0,0,1,0,1,0,1,0,1,0,1,0,0
-0.4475971418545622,-0.4805744802069444,0,0,1,0,1,0,1,0,1,0,1,0,0
-0.4475971418545622,-0.3918228915750611,0,0,0,1,0,0,1,1,0,0,1,0,0
-0.4475971418545622,-0.3355538728459132,0,0,0,1,0,0,1,1,0,0,1,0,0
-0.4475971418545622,3.997672105832375,1,1,0,1,0,1,0,1,0,0,1,0,0
-0.4475971418545622,-0.5094762943723704,0,0,1,0,1,0,1,0,1,0,1,0,0
-0.4475971418545622,-0.4966019428871413,0,0,1,1,0,0,0,1,0,0,1,0,0
0.7123885203279295,-0.0644395098782007,0,0,0,1,0,0,1,0,0,1,0,0,1
-0.4475971418545622,-0.3918228915750611,0,0,0,0,1,0,1,0,1,0,1,0,0
0.7123885203279295,0.9235933053522458,1,1,0,0,1,0,1,0,1,0,0,0,1
-0.4475971418545622,-0.1319623323531782,1,1,0,1,0,0,1,0,0,1,0,0,1
-0.4475971418545622,-0.4962622826286308,0,0,1,0,1,0,1,0,1,0,1,0,0
0.7123885203279295,-0.3458705416616356,0,0,1,1,0,1,0,1,0,0,0,0,1
-0.4475971418545622,-0.125823893946362,0,1,0,0,1,0,1,0,1,0,1,0,0
-0.4475971418545622,-0.6578218892037603,0,1,0,0,1,0,1,0,1,0,1,0,0
0.7123885203279295,-0.125823893946362,0,0,0,1,0,0,1,0,0,1,0,0,1
-0.4475971418545622,-0.4805744802069444,0,0,1,0,1,0,1,0,1,0,1,0,0
-0.4475971418545622,-0.4429765449651956,0,0,0,0,1,0,1,0,1,0,1,0,0
-0.4475971418545622,-0.4992455636943435,0,0,1,0,1,0,0,0,1,0,1,0,0
-0.4475971418545622,-0.1145700902005324,0,1,0,1,0,0,1,1,0,0,1,0,0
-0.4475971418545622,0.4061741013110361,1,1,0,0,1,0,1,0,1,0,1,0,0
-0.4475971418545622,-0.6578218892037603,0,0,0,0,1,0,1,0,1,0,1,0,0
0.7123885203279295,-0.1367359912875455,0,0,1,1,0,0,1,1,0,0,0,1,0
0.7123885203279295,0.9719335078059232,1,1,0,0,1,0,1,0,1,0,0,0,1
-0.4475971418545622,-0.4736687369992762,0,0,1,0,1,0,1,0,1,0,1,0,0
-0.4475971418545622,-0.4634380063212494,0,0,1,0,1,0,1,0,1,0,1,0,0
-0.4475971418545622,-0.4962622826286308,0,0,1,0,1,0,1,0,1,0,1,0,0
-0.4475971418545622,-0.1667468166584696,0,0,0,1,0,1,0,0,0,1,0,0,1
-0.4475971418545622,-0.4962622826286308,0,0,1,0,1,1,0,0,1,0,1,0,0
-0.4475971418545622,-0.4931071252875273,0,0,1,0,1,0,1,0,1,0,1,0,0
-0.4475971418545622,0.4286817088026953,1,1,0,0,1,0,1,0,1,0,0,0,1
-0.4475971418545622,2.076852421032827,0,1,0,1,0,0,1,0,0,1,0,0,1
0.7123885203279295,-0.125823893946362,1,0,0,0,1,0,1,0,0,0,0,0,1
-0.4475971418545622,-0.4992455636943435,0,0,1,1,0,0,0,1,0,0,1,0,0
-0.4475971418545622,-0.4962622826286308,0,0,1,0,1,0,1,0,1,0,1,0,0
0.7123885203279295,-0.1367359912875455,0,0,1,0,1,0,1,0,0,0,0,1,0
-0.4475971418545622,-0.1272725654103706,1,1,0,1,0,0,1,0,0,1,1,0,0
3.032359844692913,0.0455408449105883,0,0,1,1,0,0,1,0,0,1,0,1,0
-0.4475971418545622,-0.3918228915750611,0,0,0,0,1,0,1,0,0,0,1,0,0
-0.4475971418545622,-0.5099878309062716,0,0,1,1,0,1,0,0,0,1,1,0,0
-0.4475971418545622,-0.125823893946362,0,0,0,1,0,0,1,0,0,1,0,0,1
-0.4475971418545622,-0.4987340271604422,0,0,1,0,1,0,1,0,1,0,1,0,0
0.7123885203279295,-0.1367359912875455,0,0,1,1,0,0,1,1,0,0,0,1,0
-0.4475971418545622,1.1837096328410797,1,1,0,1,0,0,1,0,0,1,0,0,1
1.8723741825104208,-0.0155877708906223,0,0,1,0,1,0,1,0,0,0,0,1,0
-0.4475971418545622,-0.4962622826286308,0,0,1,0,1,0,1,0,1,0,1,0,0
-0.4475971418545622,-0.4962622826286308,0,0,1,0,1,0,1,0,1,0,1,0,0
-0.4475971418545622,-0.5156147327791866,0,0,1,0,1,0,0,0,1,0,1,0,0
-0.4475971418545622,-0.4931071252875273,0,0,1,0,1,0,1,0,1,0,1,0,0
0.7123885203279295,-0.0501164869289631,1,1,0,0,1,1,0,0,1,0,0,0,1
9.992273817787863,0.7652727481097799,0,0,1,1,0,0,1,0,0,1,0,1,0
0.7123885203279295,0.154242358364624,0,0,1,0,1,0,1,0,1,0,0,1,0
-0.4475971418545622,-0.3918228915750611,0,0,0,1,0,0,1,1,0,0,1,0,0
-0.4475971418545622,-0.5094762943723704,0,0,1,0,1,0,1,0,1,0,1,0,0
-0.4475971418545622,-0.3918228915750611,1,0,0,1,0,0,1,0,0,1,1,0,0
-0.4475971418545622,-0.4634380063212494,0,0,1,0,1,0,1,0,1,0,1,0,0
0.7123885203279295,0.557588915345834,0,1,0,1,0,1,0,1,0,0,0,0,1
-0.4475971418545622,-0.3742608192931602,0,0,0,1,0,1,0,1,0,0,0,0,1
-0.4475971418545622,-0.4962622826286308,0,0,1,0,1,0,1,0,1,0,1,0,0
-0.4475971418545622,-0.4962622826286308,0,0,1,0,1,0,1,0,1,0,1,0,0
-0.4475971418545622,-0.5120339770418771,0,0,1,0,1,0,1,0,1,0,1,0,0
-0.4475971418545622,-0.4971134794210427,0,0,1,0,1,0,1,0,1,0,1,0,0
-0.4475971418545622,-0.4983084287642362,0,0,1,0,1,0,1,0,1,0,1,0,0
1.8723741825104208,-0.3631768456765859,0,0,1,0,1,0,1,0,0,0,0,0,1
5.352331169057896,-0.0155877708906223,0,0,1,1,0,0,1,0,0,1,0,1,0
-0.4475971418545622,-0.5099878309062716,0,0,1,0,1,1,0,0,1,0,1,0,0
-0.4475971418545622,-0.4429765449651956,0,0,0,0,1,0,1,0,1,0,1,0,0
3.032359844692913,-0.2637689279704698,0,0,1,1,0,1,0,0,0,1,0,0,1
1.8723741825104208,-0.0155877708906223,0,0,1,0,1,0,1,0,0,0,0,1,0
-0.4475971418545622,0.2117902184285252,1,1,0,0,1,0,1,0,1,0,1,0,0
-0.4475971418545622,-0.4931071252875273,0,0,1,0,1,0,1,0,1,0,1,0,0
-0.4475971418545622,0.4033606503745786,1,1,0,0,1,0,1,0,1,0,1,0,0
-0.4475971418545622,-0.4278002790774105,0,0,1,0,1,1,0,0,0,0,0,0,1
-0.4475971418545622,-0.4931071252875273,0,0,1,0,1,0,1,0,1,0,1,0,0
-0.4475971418545622,-0.1145700902005324,0,1,0,0,1,0,1,0,1,0,1,0,0
-0.4475971418545622,-0.3918228915750611,0,0,0,1,0,0,1,1,0,0,1,0,0
-0.4475971418545622,-0.3406692381849267,0,0,1,1,0,0,0,1,0,0,0,0,1
0.7123885203279295,-0.1636775974550615,0,0,1,1,0,0,1,0,0,1,0,0,1
-0.4475971418545622,-0.5099018927685763,0,0,1,0,1,1,0,0,1,0,1,0,0
-0.4475971418545622,1.1653802557583268,1,1,0,0,1,1,0,0,1,0,0,0,1
1.8723741825104208,-0.4987340271604422,0,0,1,1,0,0,1,1,0,0,0,1,0
-0.4475971418545622,0.7049114371094211,1,1,0,1,0,0,1,0,0,1,0,0,1
-0.4475971418545622,-0.4634380063212494,0,0,1,0,1,0,1,0,1,0,1,0,0
-0.4475971418545622,-0.125823893946362,0,0,0,0,1,0,1,0,1,0,1,0,0
-0.4475971418545622,-0.5094762943723704,0,0,1,0,1,0,1,0,1,0,1,0,0
0.7123885203279295,-0.125823893946362,0,0,0,1,0,0,1,1,0,0,0,0,1
-0.4475971418545622,-0.4983084287642362,0,0,1,0,1,0,1,0,1,0,1,0,0
-0.4475971418545622,-0.4987340271604422,0,0,1,1,0,0,1,1,0,0,1,0,0
-0.4475971418545622,-0.511692270637231,0,0,1,0,1,0,1,0,1,0,1,0,0
-0.4475971418545622,2.0942446631854725,1,1,0,1,0,1,0,1,0,0,1,0,0
-0.4475971418545622,-0.3918228915750611,0,0,0,0,1,0,1,0,1,0,1,0,0
1.8723741825104208,0.3018206483951618,0,0,1,1,0,0,1,1,0,0,0,1,0
-0.4475971418545622,-0.4805744802069444,0,0,1,0,1,0,1,0,1,0,1,0,0
-0.4475971418545622,-0.5258454634572134,0,0,1,0,1,0,1,0,1,0,1,0,0
1.8723741825104208,0.0455408449105883,0,0,1,1,0,0,1,1,0,0,0,1,0
-0.4475971418545622,-0.4931071252875273,0,0,1,0,1,0,1,0,1,0,1,0,0
1.8723741825104208,-0.0178896852931784,0,0,1,1,0,0,1,1,0,0,0,1,0
-0.4475971418545622,-0.4931071252875273,0,0,1,0,1,0,1,0,1,0,1,0,0
-0.4475971418545622,-0.3918228915750611,0,0,0,0,1,0,1,0,1,0,1,0,0
0.7123885203279295,0.5285172710511528,1,1,0,1,0,1,0,1,0,0,0,0,1
-0.4475971418545622,-0.6578218892037603,0,0,0,0,1,0,1,0,1,0,1,0,0
0.7123885203279295,-0.2434772967436712,0,0,1,1,0,0,1,0,0,1,0,0,1
-0.4475971418545622,-0.4429765449651956,0,0,0,0,1,0,1,0,1,0,1,0,0
0.7123885203279295,-0.061881827208694,0,0,1,0,1,0,0,0,0,0,0,1,0
0.7123885203279295,-0.3611306995409805,0,0,1,0,1,0,1,0,0,0,0,0,1
1.8723741825104208,-0.3324846536425052,0,0,1,1,0,0,1,0,0,1,0,0,1
-0.4475971418545622,0.9032177821338876,1,1,0,1,0,1,0,0,0,1,1,0,0
1.8723741825104208,-0.0900163365732679,0,0,0,1,0,0,1,1,0,0,0,0,1
-0.4475971418545622,-0.4997571002282448,0,0,1,0,1,0,0,0,1,0,1,0,0
-0.4475971418545622,-0.5099018927685763,0,0,1,1,0,1,0,0,0,1,1,0,0
-0.4475971418545622,-0.3918228915750611,0,0,0,0,1,0,1,0,1,0,1,0,0
-0.4475971418545622,-0.5099878309062716,0,0,1,1,0,1,0,0,0,1,1,0,0
-0.4475971418545622,-0.4962622826286308,0,0,1,0,1,0,1,0,1,0,1,0,0
-0.4475971418545622,-0.4639495428551506,0,0,1,1,0,0,1,0,0,1,0,0,1
-0.4475971418545622,-0.4931071252875273,0,0,1,0,1,0,1,0,1,0,1,0,0
0.7123885203279295,0.0174063355460143,0,0,0,0,1,0,1,0,0,0,0,0,1
1.8723741825104208,-0.120027161944192,1,1,0,1,0,0,1,1,0,0,0,0,1
-0.4475971418545622,-0.125823893946362,0,0,0,0,1,0,1,0,1,0,0,0,1
-0.4475971418545622,2.44311257930619,0,1,0,1,0,0,1,1,0,0,1,0,0
0.7123885203279295,0.9235933053522458,1,1,0,0,1,0,1,0,1,0,0,0,1
-0.4475971418545622,3.997672105832375,1,1,0,0,1,1,0,0,0,0,0,0,1
-0.4475971418545622,0.154242358364624,0,0,1,1,0,0,1,1,0,0,1,0,0
-0.4475971418545622,-0.3918228915750611,0,0,0,0,1,0,1,0,1,0,1,0,0
-0.4475971418545622,-0.2281312007266309,0,0,0,0,1,0,1,0,1,0,0,0,1
-0.4475971418545622,-0.4931071252875273,0,0,1,1,0,0,1,1,0,0,1,0,0
0.7123885203279295,9.825182238174186,1,1,0,0,1,1,0,0,1,0,0,0,1
-0.4475971418545622,-0.3815921608970343,0,0,0,0,1,0,1,0,1,0,1,0,0
-0.4475971418545622,-0.4596014823169893,0,0,0,0,1,0,0,0,1,0,1,0,0
-0.4475971418545622,-0.4565322631135812,0,0,1,1,0,0,1,1,0,0,1,0,0
0.7123885203279295,-0.1053624325903083,0,0,0,1,0,0,1,0,0,1,0,0,1
-0.4475971418545622,-0.4962622826286308,0,0,1,0,1,0,1,0,1,0,1,0,0
-0.4475971418545622,-0.3620678344710877,0,0,1,1,0,1,0,1,0,0,0,0,1
-0.4475971418545622,-0.4931071252875273,0,0,1,0,1,0,1,0,1,0,1,0,0
-0.4475971418545622,-0.3619839424795279,0,0,1,1,0,1,0,0,0,1,0,0,1
-0.4475971418545622,-0.3815921608970343,0,0,0,0,1,0,1,0,1,0,1,0,0
-0.4475971418545622,-0.5099018927685763,0,0,1,0,1,1,0,0,0,0,1,0,0
-0.4475971418545622,1.659950145903231,1,1,0,1,0,1,0,1,0,0,0,0,1
0.7123885203279295,-0.3324846536425052,0,0,1,0,1,0,1,0,0,0,0,0,1
-0.4475971418545622,-0.5099878309062716,0,0,1,0,1,1,0,0,1,0,1,0,0
-0.4475971418545622,-0.4225150836091418,0,0,0,0,1,0,1,0,1,0,0,0,1
0.7123885203279295,0.6385815178315017,1,1,0,1,0,1,0,0,0,1,0,0,1
-0.4475971418545622,-0.1820929126755099,0,0,1,1,0,0,0,1,0,0,0,0,1
-0.4475971418545622,-0.4616476284525947,0,0,1,1,0,0,1,0,0,1,1,0,0
-0.4475971418545622,-0.5099018927685763,0,0,1,0,1,1,0,0,1,0,1,0,0
-0.4475971418545622,-0.4971134794210427,0,0,1,1,0,0,1,1,0,0,1,0,0
-0.4475971418545622,-0.4634380063212494,0,0,1,0,1,0,1,0,1,0,1,0,0
-0.4475971418545622,-0.125823893946362,0,0,0,0,1,0,1,0,1,0,0,0,1
-0.4475971418545622,-0.3943805742445679,0,0,0,0,1,0,1,0,1,0,1,0,0
-0.4475971418545622,-0.125823893946362,0,1,0,0,1,0,1,0,1,0,1,0,0
-0.4475971418545622,0.5070327366272964,1,1,0,1,0,1,0,1,0,0,1,0,0
-0.4475971418545622,-0.4429765449651956,0,0,0,0,1,0,1,0,1,0,1,0,0
-0.4475971418545622,-0.3918228915750611,0,0,0,0,1,0,1,0,1,0,1,0,0
-0.4475971418545622,-0.4962622826286308,0,0,1,0,1,0,1,0,1,0,1,0,0
1.8723741825104208,4.723542447438383,1,1,0,1,0,0,1,1,0,0,0,1,0
-0.4475971418545622,-0.4564463249758858,0,0,1,1,0,0,1,1,0,0,1,0,0
-0.4475971418545622,1.659950145903231,1,1,0,1,0,1,0,1,0,0,0,0,1
-0.4475971418545622,-0.4931071252875273,0,0,1,0,1,0,1,0,1,0,1,0,0
-0.4475971418545622,-0.3498768957951509,0,0,0,0,1,1,0,0,1,0,1,0,0
-0.4475971418545622,-0.4995013319612941,0,0,1,1,0,0,0,1,0,0,1,0,0
-0.4475971418545622,-0.4931071252875273,0,0,1,0,1,0,1,0,1,0,1,0,0
-0.4475971418545622,0.1524519804959693,0,1,0,0,1,0,1,0,1,0,1,0,0
-0.4475971418545622,-0.4987340271604422,0,0,1,0,1,0,1,0,1,0,1,0,0
-0.4475971418545622,-0.6578218892037603,1,1,0,0,1,0,1,0,1,0,1,0,0
-0.4475971418545622,-0.4429765449651956,1,0,0,1,0,0,1,0,0,1,1,0,0
0.7123885203279295,-0.3458705416616356,0,0,1,1,0,1,0,1,0,0,0,0,1
-0.4475971418545622,-0.3815921608970343,0,0,0,0,1,0,1,0,1,0,1,0,0
-0.4475971418545622,-0.6578218892037603,0,1,0,0,1,0,1,0,1,0,1,0,0
-0.4475971418545622,-0.4931071252875273,1,0,1,0,1,0,1,0,1,0,1,0,0
-0.4475971418545622,-0.4225150836091418,0,0,0,0,1,0,1,0,1,0,1,0,0
-0.4475971418545622,-0.4429765449651956,0,0,0,1,0,0,1,1,0,0,1,0,0
-0.4475971418545622,-0.3499628339328463,1,0,0,0,1,1,0,0,1,0,1,0,0
-0.4475971418545622,-0.0906138112448647,1,1,0,0,1,1,0,0,1,0,0,0,1
0.7123885203279295,1.2553247475872678,1,1,0,1,0,0,1,0,0,1,0,0,1
0.7123885203279295,2.7155917217463506,0,1,0,0,1,0,1,0,1,0,0,0,1
-0.4475971418545622,-0.4918282839527739,0,0,1,0,1,0,1,0,1,0,1,0,0
-0.4475971418545622,-0.5094762943723704,0,0,1,0,1,0,1,0,1,0,1,0,0
-0.4475971418545622,-0.3918228915750611,0,0,0,1,0,0,1,1,0,0,1,0,0
-0.4475971418545622,-0.1145700902005324,0,1,0,0,1,1,0,0,1,0,1,0,0
-0.4475971418545622,-0.4913167474188726,0,0,1,1,0,0,0,1,0,0,1,0,0
-0.4475971418545622,0.4765963128601663,1,1,0,1,0,1,0,0,0,1,0,0,1
0.7123885203279295,-0.3832966006279936,0,0,1,1,0,1,0,1,0,0,0,0,1
-0.4475971418545622,-0.0132858564880663,0,0,0,0,1,0,1,0,1,0,0,0,1
-0.4475971418545622,-0.4225150836091418,0,0,0,0,1,0,1,0,1,0,1,0,0
-0.4475971418545622,-0.3283923613712944,0,0,1,0,1,0,1,0,1,0,1,0,0
-0.4475971418545622,-0.1636775974550615,0,0,1,0,1,0,0,0,1,0,0,0,1
-0.4475971418545622,-0.3620678344710877,0,0,1,0,1,1,0,0,1,0,0,0,1
0.7123885203279295,-0.2265965911249269,0,0,1,0,1,0,1,0,0,0,0,1,0
-0.4475971418545622,-0.4962622826286308,0,0,1,0,1,0,1,0,1,0,1,0,0
-0.4475971418545622,-0.5099018927685763,0,0,1,0,1,1,0,0,1,0,1,0,0
1.8723741825104208,0.140175103682337,0,0,0,1,0,0,1,1,0,0,0,0,1
0.7123885203279295,-0.3832966006279936,0,0,1,0,1,1,0,0,1,0,0,0,1
-0.4475971418545622,-0.3283923613712944,0,0,1,0,1,0,1,0,1,0,0,0,1
-0.4475971418545622,-0.125823893946362,0,0,0,0,1,0,1,0,1,0,0,0,1
1.8723741825104208,4.723542447438383,1,1,0,0,1,0,1,0,1,0,0,1,0
-0.4475971418545622,-0.4966019428871413,0,0,1,1,0,0,0,1,0,0,1,0,0
-0.4475971418545622,-0.1667468166584696,0,0,0,0,1,1,0,0,1,0,0,0,1
-0.4475971418545622,-0.4966019428871413,0,0,1,1,0,0,0,1,0,0,1,0,0
-0.4475971418545622,-0.495664807957034,0,0,1,0,1,0,1,0,1,0,1,0,0
-0.4475971418545622,-0.4225150836091418,0,0,0,0,1,0,1,0,1,0,0,0,1
1.8723741825104208,1.659950145903231,1,1,0,0,1,1,0,0,1,0,0,0,1
0.7123885203279295,-0.3458705416616356,0,0,1,0,1,1,0,0,0,0,0,0,1
-0.4475971418545622,-0.1053624325903083,0,0,0,0,1,0,1,0,1,0,0,0,1
-0.4475971418545622,-0.3918228915750611,0,0,0,0,1,0,1,0,1,0,1,0,0
-0.4475971418545622,-0.5099018927685763,0,0,1,1,0,1,0,1,0,0,1,0,0
0.7123885203279295,-0.1872082780145234,0,0,0,1,0,0,1,0,0,1,0,0,1
-0.4475971418545622,-0.4767379562026843,0,0,1,1,0,0,1,1,0,0,1,0,0
-0.4475971418545622,-0.4634380063212494,0,0,1,0,1,0,1,0,1,0,1,0,0
-0.4475971418545622,-0.2281312007266309,0,0,0,1,0,0,1,0,0,1,0,0,1
-0.4475971418545622,-0.4634380063212494,0,0,1,0,1,0,1,0,1,0,1,0,0
-0.4475971418545622,-0.4962622826286308,0,0,1,0,1,0,1,0,1,0,1,0,0
-0.4475971418545622,0.8819030778392863,1,1,0,0,1,1,0,0,1,0,0,0,1
-0.4475971418545622,-0.4931071252875273,0,0,1,0,1,0,1,0,1,0,1,0,0
-0.4475971418545622,-0.4429765449651956,0,0,0,0,1,0,1,0,1,0,1,0,0
-0.4475971418545622,-0.4987340271604422,0,0,1,0,1,0,1,0,1,0,1,0,0
-0.4475971418545622,-0.4805744802069444,0,0,1,0,1,0,1,0,1,0,1,0,0
-0.4475971418545622,-0.4987340271604422,0,0,1,0,1,0,1,0,1,0,1,0,0
-0.4475971418545622,-0.4992455636943435,0,0,1,1,0,0,0,1,0,0,1,0,0
0.7123885203279295,-0.1145700902005324,1,1,0,1,0,0,1,0,0,1,0,0,1
-0.4475971418545622,-0.1311090894146307,0,1,0,0,1,1,0,0,1,0,1,0,0
0.7123885203279295,-0.3458705416616356,0,0,1,0,1,1,0,0,0,0,0,0,1
-0.4475971418545622,-0.4992455636943435,0,0,1,0,1,0,0,0,1,0,1,0,0
-0.4475971418545622,-0.4066574510582001,0,0,0,0,1,0,1,0,1,0,1,0,0
-0.4475971418545622,-0.125823893946362,0,0,0,0,1,0,1,0,1,0,1,0,0
0.7123885203279295,-0.1367359912875455,0,0,1,1,0,0,1,1,0,0,0,1,0
-0.4475971418545622,9.825182238174186,0,1,0,1,0,1,0,1,0,0,1,0,0
-0.4475971418545622,0.9627258501956988,0,1,0,1,0,1,0,0,0,1,1,0,0
0.7123885203279295,0.6103631164753679,1,1,0,0,1,1,0,0,1,0,0,0,1
-0.4475971418545622,-0.5094762943723704,0,0,1,0,1,0,1,0,1,0,1,0,0
1.8723741825104208,4.71075403409085,1,1,0,1,0,1,0,1,0,0,0,1,0
0.7123885203279295,0.5980862396617356,0,1,0,0,1,1,0,0,1,0,0,0,1
1.8723741825104208,-0.0155877708906223,0,0,1,1,0,0,1,1,0,0,0,1,0
-0.4475971418545622,-0.4744360418001283,0,0,1,1,0,0,1,1,0,0,1,0,0
-0.4475971418545622,-0.4992455636943435,0,0,1,0,1,0,0,0,1,0,1,0,0
-0.4475971418545622,0.9555643387210798,1,1,0,1,0,0,1,0,0,1,0,0,1
-0.4475971418545622,-0.4962622826286308,0,0,1,0,1,0,1,0,1,0,1,0,0
0.7123885203279295,-0.3357237029751685,0,0,1,0,1,1,0,0,1,0,0,0,1
-0.4475971418545622,-0.4992455636943435,0,0,1,0,1,0,0,0,1,0,1,0,0
-0.4475971418545622,-0.4971134794210427,0,0,1,0,1,0,1,0,1,0,1,0,0
4.192345506875404,-0.1367359912875455,0,0,1,1,0,0,1,0,0,1,0,1,0
-0.4475971418545622,-0.2734021839768999,0,0,1,0,1,1,0,0,1,0,1,0,0
-0.4475971418545622,0.8007385990782279,1,1,0,1,0,1,0,0,0,1,0,0,1
-0.4475971418545622,0.4061741013110361,1,1,0,0,1,0,1,0,1,0,0,0,1
-0.4475971418545622,-0.1273585035480661,0,1,0,0,1,0,1,0,1,0,1,0,0
-0.4475971418545622,0.4981647392755827,0,0,1,0,1,0,1,0,1,0,1,0,0
1.8723741825104208,-0.0869471173698599,0,0,1,0,1,0,1,0,0,0,0,1,0
-0.4475971418545622,0.8007385990782279,1,1,0,0,1,1,0,0,1,0,0,0,1
-0.4475971418545622,-0.4805744802069444,0,0,1,1,0,0,1,1,0,0,0,0,1
-0.4475971418545622,-0.3620678344710877,0,0,1,1,0,1,0,0,0,1,0,0,1
-0.4475971418545622,1.1120945180948911,1,1,0,1,0,0,1,1,0,0,1,0,0
-0.4475971418545622,-0.4567880313805319,0,0,1,1,0,0,1,1,0,0,0,0,1
-0.4475971418545622,-0.3918228915750611,1,0,0,1,0,0,1,1,0,0,1,0,0
0.7123885203279295,-0.4225150836091418,0,0,0,0,1,0,1,0,1,0,0,0,1
-0.4475971418545622,-0.4992455636943435,0,0,1,1,0,0,0,1,0,0,1,0,0
-0.4475971418545622,0.4765963128601663,1,1,0,0,1,1,0,0,1,0,0,0,1
1.8723741825104208,-0.2071582028366758,0,0,1,1,0,0,1,1,0,0,0,0,1
-0.4475971418545622,-0.4992455636943435,0,0,1,0,1,0,0,0,1,0,1,0,0
-0.4475971418545622,-0.5099018927685763,0,0,1,0,1,1,0,0,1,0,1,0,0
-0.4475971418545622,-0.3611306995409805,0,0,1,0,1,0,1,0,1,0,1,0,0
0.7123885203279295,-0.125823893946362,0,0,0,1,0,0,1,0,0,1,0,0,1
-0.4475971418545622,-0.0095352706215016,0,1,0,1,0,0,1,0,0,1,1,0,0
-0.4475971418545622,-0.4987340271604422,0,0,1,0,1,0,1,0,1,0,1,0,0
-0.4475971418545622,-0.5033378559655542,0,0,1,0,1,0,1,0,1,0,1,0,0
-0.4475971418545622,-0.3620678344710877,0,0,1,0,1,1,0,0,1,0,0,0,1
0.7123885203279295,-0.2071582028366758,0,0,1,1,0,0,1,0,0,1,0,0,1
-0.4475971418545622,-0.3918228915750611,0,0,0,0,1,0,1,0,0,0,1,0,0
-0.4475971418545622,-0.3620678344710877,0,0,1,0,1,1,0,0,1,0,0,0,1
-0.4475971418545622,-0.4962622826286308,0,0,1,0,1,0,1,0,1,0,1,0,0
-0.4475971418545622,-0.4426348385605494,0,0,1,1,0,0,1,1,0,0,1,0,0
-0.4475971418545622,-0.4962622826286308,0,0,1,0,1,0,1,0,1,0,1,0,0
-0.4475971418545622,-0.4931071252875273,0,0,1,0,1,0,1,0,1,0,1,0,0
-0.4475971418545622,-0.5033378559655542,0,0,1,0,1,0,1,0,1,0,1,0,0
0.7123885203279295,2.4822451241496424,1,1,0,0,1,0,1,0,1,0,0,0,1
0.7123885203279295,1.0171185529184965,1,1,0,1,0,0,1,0,0,1,0,0,1
-0.4475971418545622,-0.5099018927685763,1,0,1,0,1,1,0,0,1,0,1,0,0
-0.4475971418545622,-0.4637797127258954,0,0,1,0,1,0,1,0,1,0,1,0,0
-0.4475971418545622,-0.0906138112448647,0,1,0,0,1,1,0,0,1,0,1,0,0
-0.4475971418545622,0.2097440722929198,0,1,0,0,1,0,1,0,1,0,1,0,0
0.7123885203279295,-0.4064016827912494,0,0,1,1,0,0,1,1,0,0,0,0,1
1.8723741825104208,3.6697771876016136,1,1,0,0,1,1,0,0,1,0,0,0,1
-0.4475971418545622,-0.0297409637106047,0,1,0,0,1,1,0,0,1,0,1,0,0
-0.4475971418545622,-0.4634380063212494,0,0,1,0,1,0,1,0,1,0,1,0,0
-0.4475971418545622,-0.4962622826286308,0,0,1,0,1,0,1,0,1,0,1,0,0
0.7123885203279295,-0.0439780485221469,0,0,0,1,0,0,1,1,0,0,0,0,1
1.8723741825104208,0.1929493048118709,0,0,0,0,1,1,0,0,1,0,0,0,1
0.7123885203279295,-0.1207085286073486,0,0,0,1,0,0,1,0,0,1,0,0,1
-0.4475971418545622,2.340207797854324,1,1,0,1,0,1,0,0,0,1,0,0,1
-0.4475971418545622,1.1837096328410797,1,1,0,1,0,0,0,1,0,0,0,0,1
-0.4475971418545622,-0.4986480890227467,0,0,1,1,0,0,0,1,0,0,1,0,0
-0.4475971418545622,-0.5094762943723704,0,0,1,0,1,0,1,0,1,0,0,0,1
0.7123885203279295,-0.3620678344710877,0,0,1,1,0,1,0,1,0,0,0,0,1
0.7123885203279295,-0.2637689279704698,0,0,1,1,0,1,0,1,0,0,0,0,1
-0.4475971418545622,-0.1199412238064965,1,1,0,0,1,0,1,0,1,0,1,0,0
-0.4475971418545622,-0.5017173082261548,0,0,1,1,0,0,0,1,0,0,1,0,0
-0.4475971418545622,-0.3734075763546128,0,0,1,0,1,0,1,0,1,0,0,0,1
-0.4475971418545622,-0.4987340271604422,0,0,1,0,1,0,1,0,1,0,1,0,0
-0.4475971418545622,-0.125823893946362,0,0,0,1,0,0,1,1,0,0,1,0,0
0.7123885203279295,-0.2434772967436712,0,0,1,0,1,0,1,0,1,0,0,0,1
-0.4475971418545622,-0.4992455636943435,0,0,1,0,1,0,0,0,1,0,1,0,0
-0.4475971418545622,-0.2895155847947923,0,0,1,0,1,0,1,0,1,0,0,0,1
1.8723741825104208,-0.0900163365732679,0,0,0,1,0,0,1,0,0,1,0,0,1
-0.4475971418545622,-0.495664807957034,0,0,1,0,1,0,1,0,1,0,1,0,0
-0.4475971418545622,-0.4992455636943435,0,0,1,0,1,0,0,0,1,0,1,0,0
1.8723741825104208,-0.4300183014884067,0,0,1,1,0,0,1,0,0,1,0,0,1
-0.4475971418545622,0.4981647392755827,0,0,1,0,1,0,1,0,1,0,1,0,0
-0.4475971418545622,-0.3406692381849267,0,0,1,1,0,0,0,1,0,0,0,0,1
1.8723741825104208,0.0071756048679874,0,0,0,0,1,0,1,0,0,0,0,0,1
-0.4475971418545622,-0.4931071252875273,0,0,1,0,1,0,1,0,1,0,1,0,0
-0.4475971418545622,-0.4992455636943435,0,0,1,0,1,0,0,0,1,0,1,0,0
-0.4475971418545622,-0.5135685866435811,0,0,1,0,1,0,1,0,1,0,1,0,0
-0.4475971418545622,1.1653802557583268,1,1,0,1,0,1,0,0,0,1,0,0,1
-0.4475971418545622,-0.4931071252875273,0,0,1,0,1,0,1,0,1,0,1,0,0
-0.4475971418545622,-0.4992455636943435,0,0,1,0,1,0,0,0,1,0,1,0,0
1.8723741825104208,-0.2368273218029538,0,0,1,0,1,0,1,0,0,0,0,0,1
-0.4475971418545622,-0.6578218892037603,0,0,1,0,1,0,1,0,1,0,1,0,0
-0.4475971418545622,0.9627258501956988,1,1,0,0,1,1,0,0,1,0,1,0,0
1.8723741825104208,0.7652727481097799,0,0,1,0,1,0,1,0,0,0,0,1,0
-0.4475971418545622,-0.4983084287642362,0,0,1,0,1,0,1,0,1,0,1,0,0
0.7123885203279295,-0.4300183014884067,0,0,1,1,0,0,1,1,0,0,0,0,1
-0.4475971418545622,-0.2492740287458413,0,0,1,0,1,0,1,0,1,0,0,0,1
-0.4475971418545622,-0.495664807957034,0,0,1,0,1,0,1,0,1,0,1,0,0
-0.4475971418545622,1.5197891356142628,1,1,0,1,0,1,0,0,0,1,0,0,1
1.8723741825104208,-0.1872082780145234,0,0,0,1,0,0,1,0,0,1,0,0,1
0.7123885203279295,-0.061881827208694,0,0,1,0,1,0,0,0,0,0,0,1,0
-0.4475971418545622,0.5238275041083453,1,1,0,1,0,1,0,0,0,1,0,0,1
-0.4475971418545622,0.4981647392755827,0,0,1,0,1,0,1,0,1,0,1,0,0
1.8723741825104208,0.6721730989397352,0,0,0,1,0,0,1,1,0,0,0,0,1
-0.4475971418545622,-0.4962622826286308,0,0,1,0,1,0,1,0,1,0,1,0,0
0.7123885203279295,-0.2637689279704698,0,0,1,1,0,1,0,1,0,0,0,0,1
-0.4475971418545622,0.0685599889361488,1,1,0,0,1,0,1,0,1,0,1,0,0
-0.4475971418545622,-0.03374731784412,1,1,0,0,1,0,1,0,1,0,1,0,0
-0.4475971418545622,-0.4992455636943435,0,0,1,1,0,0,0,1,0,0,1,0,0
-0.4475971418545622,0.4175138431945611,1,1,0,1,0,0,1,0,0,1,0,0,1
-0.4475971418545622,-0.4971994175587381,0,0,1,0,1,0,1,0,1,0,1,0,0
-0.4475971418545622,-0.3815921608970343,0,0,0,1,0,0,1,0,0,1,1,0,0
1.8723741825104208,-0.2434772967436712,0,0,1,0,1,0,1,0,0,0,0,0,1
0.7123885203279295,0.154242358364624,0,0,1,0,1,0,1,0,0,0,0,1,0
-0.4475971418545622,-0.0439780485221469,1,1,0,0,1,0,1,0,1,0,1,0,0
1.8723741825104208,1.7975534735226928,1,1,0,1,0,0,1,0,0,1,0,0,1
-0.4475971418545622,-0.4931071252875273,0,0,1,0,1,0,1,0,1,0,1,0,0
-0.4475971418545622,-0.03374731784412,1,1,0,0,1,0,1,0,1,0,1,0,0
-0.4475971418545622,-0.4429765449651956,0,0,0,0,1,0,1,0,1,0,1,0,0
-0.4475971418545622,0.094136815631216,0,0,0,1,0,0,1,1,0,0,1,0,0
-0.4475971418545622,-0.3620678344710877,0,0,1,0,1,1,0,0,1,0,0,0,1
-0.4475971418545622,-0.0962407131177795,0,1,0,1,0,1,0,0,0,1,1,0,0
-0.4475971418545622,-0.3971940251810252,0,0,0,0,1,1,0,0,1,0,1,0,0
1.8723741825104208,-0.1207085286073486,0,0,0,1,0,0,1,1,0,0,0,0,1
1.8723741825104208,1.0171185529184965,1,1,0,0,1,0,1,0,0,0,0,0,1
-0.4475971418545622,-0.125823893946362,0,0,0,1,0,0,1,0,0,1,0,0,1
-0.4475971418545622,-0.4992455636943435,0,0,1,1,0,0,0,1,0,0,1,0,0
-0.4475971418545622,-0.4962622826286308,0,0,1,0,1,0,1,0,1,0,1,0,0
-0.4475971418545622,-0.4995872700989895,0,0,1,0,1,0,0,0,1,0,1,0,0
-0.4475971418545622,-0.125823893946362,0,0,0,1,0,0,1,0,0,1,0,0,1
-0.4475971418545622,-0.3918228915750611,0,0,0,0,1,0,1,0,1,0,1,0,0
-0.4475971418545622,-0.5099018927685763,0,0,1,0,1,1,0,0,1,0,1,0,0
-0.4475971418545622,-0.0439780485221469,1,1,0,0,1,0,1,0,1,0,1,0,0
-0.4475971418545622,-0.3499628339328463,0,0,0,0,1,1,0,0,1,0,1,0,0
-0.4475971418545622,-0.4429765449651956,0,0,0,0,1,0,1,0,1,0,1,0,0
-0.4475971418545622,-0.4962622826286308,0,0,1,0,1,0,1,0,1,0,1,0,0
-0.4475971418545622,-0.5099878309062716,0,0,1,0,1,1,0,0,1,0,1,0,0
0.7123885203279295,-0.5099018927685763,0,0,1,0,1,1,0,0,1,0,0,0,1
-0.4475971418545622,-0.3335077267103079,0,0,1,1,0,0,1,0,0,1,0,0,1
-0.4475971418545622,-0.5094762943723704,0,0,1,0,1,0,1,0,1,0,1,0,0
-0.4475971418545622,-0.0235165871660931,0,1,0,1,0,1,0,1,0,0,1,0,0
-0.4475971418545622,-0.4931071252875273,0,0,1,0,1,0,1,0,1,0,1,0,0
-0.4475971418545622,-0.4051228414564961,0,0,0,0,1,0,0,0,0,0,1,0,0
-0.4475971418545622,-0.4429765449651956,0,0,0,0,1,0,1,0,1,0,1,0,0
-0.4475971418545622,-0.4429765449651956,1,0,0,1,0,0,1,0,0,1,1,0,0
-0.4475971418545622,-0.4931071252875273,0,0,1,0,1,0,1,0,1,0,1,0,0
0.7123885203279295,-0.5099018927685763,0,0,1,0,1,1,0,0,1,0,0,0,1
-0.4475971418545622,-0.4992455636943435,0,0,1,0,1,0,0,0,1,0,1,0,0
-0.4475971418545622,-0.4994153938235987,0,0,1,0,1,0,0,0,1,0,1,0,0
0.7123885203279295,-0.125823893946362,0,0,0,1,0,0,1,0,0,1,0,0,1
0.7123885203279295,1.6110124687779577,1,1,0,0,1,1,0,0,1,0,0,0,1
1.8723741825104208,-0.3759652590241195,0,0,1,1,0,0,1,0,0,1,0,0,1
-0.4475971418545622,0.943629168312094,1,1,0,1,0,1,0,1,0,0,0,0,1
-0.4475971418545622,-0.1145700902005324,1,1,0,0,1,0,1,0,1,0,1,0,0
-0.4475971418545622,-0.3335077267103079,0,0,1,0,1,0,1,0,1,0,0,0,1
-0.4475971418545622,-0.5028263194316529,0,0,1,0,1,0,1,0,1,0,1,0,0
-0.4475971418545622,-0.4992455636943435,0,0,1,0,1,0,0,0,1,0,1,0,0
-0.4475971418545622,2.117433637340288,0,1,0,0,1,1,0,0,1,0,1,0,0
-0.4475971418545622,-0.4429765449651956,0,0,0,0,1,0,1,0,1,0,1,0,0
0.7123885203279295,0.1483596882247585,1,1,0,1,0,0,1,0,0,1,0,0,1
-0.4475971418545622,0.4175138431945611,1,1,0,0,1,0,1,0,1,0,0,0,1
-0.4475971418545622,0.9121696714771612,1,1,0,0,1,1,0,0,1,0,1,0,0
-0.4475971418545622,0.4061741013110361,1,1,0,0,1,0,1,0,1,0,1,0,0
1.8723741825104208,-0.0869471173698599,0,0,1,0,1,0,1,0,0,0,0,1,0
-0.4475971418545622,-0.3017924616084246,0,0,1,1,0,0,1,0,0,1,0,0,1
-0.4475971418545622,-0.125823893946362,0,0,0,0,1,0,1,0,1,0,0,0,1
-0.4475971418545622,-0.4992455636943435,0,0,1,1,0,0,1,1,0,0,1,0,0
-0.4475971418545622,0.4981647392755827,0,0,1,0,1,0,1,0,1,0,1,0,0
-0.4475971418545622,-0.5099018927685763,0,0,1,0,1,1,0,0,1,0,1,0,0
-0.4475971418545622,-0.5012917098299489,0,0,1,1,0,0,1,1,0,0,1,0,0
-0.4475971418545622,-0.4867129186137605,0,0,1,0,1,0,1,0,1,0,1,0,0
-0.4475971418545622,-0.3918228915750611,0,0,0,0,1,0,1,0,1,0,1,0,0
-0.4475971418545622,-0.4805744802069444,0,0,1,0,1,0,1,0,1,0,1,0,0
-0.4475971418545622,-0.4051228414564961,1,0,0,1,0,0,0,1,0,0,1,0,0
-0.4475971418545622,-0.125823893946362,0,0,0,0,1,0,1,0,1,0,1,0,0
-0.4475971418545622,-0.4992455636943435,0,0,1,0,1,0,0,0,1,0,1,0,0
-0.4475971418545622,-0.1178950776708912,1,1,0,0,1,0,1,0,1,0,1,0,0
-0.4475971418545622,-0.5099878309062716,0,0,1,0,1,1,0,0,1,0,1,0,0
-0.4475971418545622,-0.2281312007266309,0,0,0,1,0,0,1,1,0,0,1,0,0
-0.4475971418545622,-0.3918228915750611,0,0,0,0,1,0,1,0,1,0,1,0,0
-0.4475971418545622,-0.4992455636943435,0,0,1,1,0,0,0,1,0,0,1,0,0
0.7123885203279295,0.0071756048679874,0,0,0,0,1,0,1,0,1,0,0,0,1
-0.4475971418545622,-0.5099878309062716,0,0,1,0,1,1,0,0,1,0,1,0,0
-0.4475971418545622,-0.3355538728459132,0,0,0,1,0,0,1,0,0,1,1,0,0
-0.4475971418545622,0.9627258501956988,1,1,0,0,1,1,0,0,1,0,1,0,0
-0.4475971418545622,-0.4805744802069444,0,0,1,0,1,0,1,0,1,0,1,0,0
-0.4475971418545622,-0.125823893946362,0,0,0,1,0,0,1,0,0,1,0,0,1
-0.4475971418545622,-0.3283923613712944,0,0,1,0,1,0,1,0,1,0,0,0,1
0.7123885203279295,0.1483596882247585,1,1,0,1,0,0,1,1,0,0,0,0,1
0.7123885203279295,-0.2265965911249269,0,0,1,1,0,0,1,1,0,0,0,1,0
5.352331169057896,-0.061881827208694,0,0,1,1,0,0,0,0,0,1,0,1,0
0.7123885203279295,0.9627258501956988,1,1,0,1,0,1,0,0,0,1,0,0,1
3.032359844692913,0.140175103682337,1,0,0,1,0,0,1,0,0,1,0,0,1
-0.4475971418545622,-0.1199412238064965,1,1,0,0,1,0,1,0,1,0,1,0,0
-0.4475971418545622,-0.4690649081941641,0,0,1,0,1,0,1,0,1,0,1,0,0
-0.4475971418545622,-0.3918228915750611,0,0,0,0,1,0,1,0,1,0,1,0,0
-0.4475971418545622,-0.4962622826286308,0,0,1,0,1,0,1,0,1,0,1,0,0
0.7123885203279295,-0.4437438497660476,1,0,1,1,0,0,1,0,0,1,0,0,1
-0.4475971418545622,-0.4971134794210427,0,0,1,1,0,0,1,1,0,0,1,0,0
-0.4475971418545622,0.3059129406663726,0,1,0,0,1,0,1,0,1,0,1,0,0
1.8723741825104208,0.7652727481097799,0,0,1,1,0,0,1,1,0,0,0,1,0
-0.4475971418545622,0.5939080092528294,1,1,0,1,0,0,1,0,0,1,0,0,1
-0.4475971418545622,-0.4879917599485139,0,0,1,0,1,0,1,0,1,0,1,0,0
-0.4475971418545622,-0.5135685866435811,0,0,1,0,1,0,1,0,1,0,1,0,0
-0.4475971418545622,0.7601573827707664,1,1,0,1,0,1,0,0,0,0,1,0,0
-0.4475971418545622,-0.350218602199797,0,0,0,0,1,1,0,0,1,0,1,0,0
-0.4475971418545622,-0.3918228915750611,0,0,0,1,0,0,1,0,0,1,1,0,0
-0.4475971418545622,-0.495664807957034,0,0,1,1,0,0,1,1,0,0,1,0,0
-0.4475971418545622,-0.125823893946362,0,0,0,0,1,0,1,0,1,0,1,0,0
-0.4475971418545622,2.076852421032827,0,1,0,0,1,0,1,0,0,0,0,0,1
-0.4475971418545622,-0.4987340271604422,0,0,1,0,1,0,1,0,1,0,1,0,0
-0.4475971418545622,0.0512536849211985,1,1,0,0,1,1,0,0,1,0,1,0,0
-0.4475971418545622,3.997672105832375,1,1,0,1,0,1,0,0,0,1,0,0,1
-0.4475971418545622,-0.4429765449651956,0,0,0,0,1,0,1,0,1,0,1,0,0
-0.4475971418545622,0.8819030778392863,1,1,0,1,0,1,0,0,0,1,0,0,1
-0.4475971418545622,-0.1145700902005324,0,1,0,0,1,0,1,0,0,0,1,0,0
-0.4475971418545622,-0.4931071252875273,0,0,1,0,1,0,1,0,1,0,1,0,0
-0.4475971418545622,1.0437184526813663,1,1,0,1,0,1,0,1,0,0,1,0,0
1.8723741825104208,-0.3458705416616356,0,0,1,1,0,1,0,0,0,1,0,0,1
-0.4475971418545622,3.6697771876016136,1,1,0,1,0,1,0,1,0,0,1,0,0
4.192345506875404,-0.0869471173698599,0,0,1,1,0,0,1,0,0,1,0,1,0
-0.4475971418545622,-0.1145700902005324,0,1,0,0,1,0,1,0,1,0,1,0,0
-0.4475971418545622,-0.0900163365732679,1,1,0,0,1,1,0,0,1,0,1,0,0
0.7123885203279295,-0.3620678344710877,0,0,1,1,0,1,0,0,0,1,0,0,1
-0.4475971418545622,-0.4995872700989895,0,0,1,1,0,0,0,1,0,0,1,0,0
-0.4475971418545622,-0.4429765449651956,0,0,0,0,1,0,1,0,1,0,1,0,0
0.7123885203279295,-0.1872082780145234,0,0,0,0,1,0,1,0,0,0,0,0,1
-0.4475971418545622,-0.495664807957034,0,0,1,0,1,0,1,0,1,0,0,0,1
-0.4475971418545622,-0.4962622826286308,0,0,1,0,1,1,0,0,1,0,1,0,0
-0.4475971418545622,-0.5156147327791866,0,0,1,1,0,0,0,1,0,0,1,0,0
-0.4475971418545622,0.0174063355460143,0,0,0,1,0,0,1,1,0,0,1,0,0
-0.4475971418545622,-0.4971134794210427,0,0,1,0,1,0,1,0,1,0,1,0,0
-0.4475971418545622,0.0685599889361488,1,1,0,0,1,0,1,0,1,0,1,0,0
-0.4475971418545622,-0.3620678344710877,0,0,1,1,0,1,0,1,0,0,0,0,1
0.7123885203279295,3.6697771876016136,1,1,0,0,1,1,0,0,1,0,0,0,1
-0.4475971418545622,-0.0235165871660931,0,1,0,0,1,0,1,0,1,0,1,0,0
-0.4475971418545622,-0.4966878810248367,0,0,1,0,1,0,1,0,1,0,1,0,0
-0.4475971418545622,-0.5044468671710524,0,0,1,0,1,0,1,0,1,0,1,0,0
-0.4475971418545622,0.1299443730043101,1,1,0,0,1,0,1,0,1,0,1,0,0
-0.4475971418545622,-0.4429765449651956,0,0,0,0,1,0,1,0,1,0,0,0,1
0.7123885203279295,0.154242358364624,0,0,1,0,1,0,1,0,0,0,0,1,0
-0.4475971418545622,-0.2895155847947923,0,0,1,1,0,0,1,0,0,1,0,0,1
-0.4475971418545622,-0.495664807957034,0,0,1,1,0,0,1,1,0,0,1,0,0
-0.4475971418545622,-0.4805744802069444,0,0,1,0,1,0,1,0,1,0,1,0,0
-0.4475971418545622,-0.4429765449651956,0,0,0,0,1,0,1,0,1,0,1,0,0
-0.4475971418545622,-0.4971134794210427,0,0,1,0,1,0,1,0,1,0,1,0,0
-0.4475971418545622,-0.4971134794210427,0,0,1,0,1,0,1,0,1,0,1,0,0
1.8723741825104208,-0.2378503948707565,0,0,1,0,1,0,1,0,0,0,0,0,1
-0.4475971418545622,-0.3918228915750611,1,0,0,0,1,0,1,0,1,0,1,0,0
0.7123885203279295,0.0993381191079248,0,0,0,1,0,1,0,0,0,1,0,0,1
0.7123885203279295,-0.3458705416616356,0,0,1,0,1,1,0,0,0,0,0,0,1
-0.4475971418545622,-0.3713614302190073,0,0,0,0,1,0,1,0,0,0,1,0,0
0.7123885203279295,4.406815394815756,1,1,0,1,0,1,0,0,0,1,0,0,1
-0.4475971418545622,-0.125823893946362,0,0,0,1,0,0,1,0,0,1,0,0,1
-0.4475971418545622,3.6664522001312543,0,1,0,1,0,0,1,1,0,0,1,0,0
-0.4475971418545622,-0.495664807957034,0,0,1,0,1,0,1,0,1,0,1,0,0
1.8723741825104208,0.3018206483951618,0,0,1,0,1,0,1,0,0,0,0,1,0
-0.4475971418545622,-0.4992455636943435,0,0,1,0,1,0,0,0,1,0,1,0,0
1.8723741825104208,0.0455408449105883,0,0,1,1,0,0,1,1,0,0,0,1,0
0.7123885203279295,0.154242358364624,0,0,1,0,1,0,1,0,1,0,0,1,0
-0.4475971418545622,-0.5249083285271061,0,0,1,0,1,0,1,0,1,0,1,0,0
-0.4475971418545622,-0.6578218892037603,0,0,0,0,1,0,1,0,1,0,1,0,0
-0.4475971418545622,-0.1969274721586489,0,0,1,0,1,0,1,0,1,0,1,0,0
-0.4475971418545622,-0.4962622826286308,0,0,1,0,1,0,1,0,1,0,1,0,0
1.8723741825104208,0.4061741013110361,1,1,0,1,0,0,1,0,0,1,0,0,1
-0.4475971418545622,-0.4931071252875273,0,0,1,0,1,0,1,0,1,0,1,0,0
-0.4475971418545622,-0.4992455636943435,1,0,1,0,1,0,0,0,1,0,1,0,0
-0.4475971418545622,-0.5017173082261548,0,0,1,1,0,0,0,1,0,0,1,0,0
-0.4475971418545622,-0.4962622826286308,0,0,1,1,0,0,1,1,0,0,1,0,0
1.8723741825104208,-0.0178896852931784,0,0,1,1,0,0,1,1,0,0,0,1,0
1.8723741825104208,1.6110124687779577,1,1,0,0,1,1,0,0,1,0,0,0,1
-0.4475971418545622,3.8801046411727618,1,1,0,1,0,0,1,1,0,0,1,0,0
-0.4475971418545622,0.557588915345834,0,1,0,1,0,1,0,0,0,1,0,0,1
0.7123885203279295,2.4822451241496424,1,1,0,1,0,0,1,0,0,1,0,0,1
0.7123885203279295,0.0174063355460143,0,0,0,1,0,0,1,1,0,0,0,0,1
0.7123885203279295,1.0437184526813663,1,1,0,1,0,1,0,1,0,0,0,0,1
-0.4475971418545622,-0.3918228915750611,0,0,0,1,0,0,1,1,0,0,1,0,0
-0.4475971418545622,-0.1145700902005324,1,1,0,0,1,0,1,0,1,0,1,0,0
-0.4475971418545622,-0.4962622826286308,0,0,1,0,1,0,1,0,1,0,1,0,0
0.7123885203279295,-0.2265965911249269,0,0,1,1,0,0,1,1,0,0,0,1,0
0.7123885203279295,-0.3759652590241195,0,0,1,1,0,0,1,1,0,0,0,0,1
-0.4475971418545622,-0.2895155847947923,0,0,1,0,1,0,1,0,1,0,0,0,1
-0.4475971418545622,0.4765963128601663,1,1,0,1,0,1,0,0,0,1,0,0,1
1.8723741825104208,1.7975534735226928,1,1,0,0,1,0,1,0,0,0,0,0,1
0.7123885203279295,-0.483557761272657,0,0,1,0,1,1,0,0,0,0,0,0,1
-0.4475971418545622,0.8460955204661923,0,0,0,0,1,0,1,0,1,0,1,0,0
-0.4475971418545622,-0.4992455636943435,0,0,1,0,1,0,1,0,1,0,1,0,0
-0.4475971418545622,-0.4670187620585588,0,0,1,0,1,0,1,0,1,0,1,0,0
1.8723741825104208,0.1929493048118709,0,0,0,1,0,1,0,0,0,1,0,0,1
-0.4475971418545622,-0.4931071252875273,0,0,1,0,1,0,1,0,1,0,1,0,0
-0.4475971418545622,-0.4616476284525947,0,0,1,1,0,0,1,1,0,0,1,0,0
-0.4475971418545622,0.9032177821338876,1,1,0,1,0,1,0,1,0,0,1,0,0
-0.4475971418545622,-0.4971134794210427,0,0,1,0,1,0,1,0,1,0,1,0,0
-0.4475971418545622,-0.2281312007266309,0,0,0,0,1,0,1,0,1,0,0,0,1
-0.4475971418545622,-0.4634380063212494,0,0,1,0,1,0,1,0,1,0,1,0,0
0.7123885203279295,0.094136815631216,0,0,0,0,1,0,1,0,0,0,0,0,1
-0.4475971418545622,-0.3304385075068998,0,0,0,0,1,0,1,0,1,0,1,0,0
-0.4475971418545622,0.7049114371094211,1,1,0,0,1,0,1,0,1,0,0,0,1
-0.4475971418545622,-0.5099878309062716,0,0,1,0,1,1,0,0,1,0,1,0,0
-0.4475971418545622,-0.0906138112448647,1,1,0,1,0,1,0,0,0,1,1,0,0
-0.4475971418545622,1.1837096328410797,1,1,0,0,1,0,0,0,0,0,0,0,1
-0.4475971418545622,-0.3283923613712944,0,0,1,1,0,0,1,0,0,1,0,0,1
-0.4475971418545622,1.1120945180948911,1,1,0,1,0,0,1,1,0,0,1,0,0
-0.4475971418545622,-0.4987340271604422,0,0,1,0,1,0,1,0,1,0,1,0,0
-0.4475971418545622,-0.3734075763546128,0,0,1,1,0,0,1,0,0,1,0,0,1
1.8723741825104208,2.0942446631854725,1,1,0,0,1,1,0,0,0,0,0,0,1
-0.4475971418545622,-0.3918228915750611,0,0,0,0,1,0,1,0,1,0,1,0,0
1.8723741825104208,2.44311257930619,1,1,0,1,0,0,1,1,0,0,0,0,1
-0.4475971418545622,-0.4931071252875273,0,0,1,0,1,0,1,0,1,0,1,0,0
-0.4475971418545622,-0.4992455636943435,0,0,1,1,0,0,0,1,0,0,1,0,0
-0.4475971418545622,-0.4983084287642362,0,0,1,0,1,0,1,0,1,0,1,0,0
-0.4475971418545622,-0.3499628339328463,0,0,0,0,1,1,0,0,1,0,1,0,0
-0.4475971418545622,-0.4931071252875273,0,0,1,0,1,0,1,0,1,0,1,0,0
-0.4475971418545622,-0.4634380063212494,0,0,1,0,1,0,1,0,1,0,1,0,0
-0.4475971418545622,-0.4931071252875273,0,0,1,0,1,0,1,0,1,0,1,0,0
-0.4475971418545622,-0.4962622826286308,0,0,1,0,1,0,1,0,1,0,1,0,0
-0.4475971418545622,-0.4971134794210427,0,0,1,0,1,0,1,0,1,0,1,0,0
-0.4475971418545622,-0.4908911490226667,0,0,1,0,1,0,1,0,1,0,1,0,0
-0.4475971418545622,-0.3406692381849267,0,0,1,0,1,0,0,0,1,0,0,0,1
0.7123885203279295,-0.3357237029751685,0,0,1,1,0,1,0,0,0,1,0,0,1
1.8723741825104208,0.7652727481097799,0,0,1,0,1,0,1,0,1,0,0,1,0
-0.4475971418545622,0.881733247710031,1,1,0,0,1,1,0,0,1,0,1,0,0
-0.4475971418545622,-0.2895155847947923,0,0,1,1,0,0,1,1,0,0,0,0,1
-0.4475971418545622,-0.495664807957034,0,0,1,0,1,0,1,0,1,0,1,0,0
-0.4475971418545622,-0.4992455636943435,0,0,1,1,0,0,0,1,0,0,1,0,0
-0.4475971418545622,-0.5249083285271061,0,0,1,0,1,0,1,0,1,0,0,0,1
-0.4475971418545622,-0.5099018927685763,0,0,1,0,1,1,0,0,1,0,1,0,0
-0.4475971418545622,0.4061741013110361,1,1,0,0,1,0,1,0,1,0,0,0,1
-0.4475971418545622,-0.4795514071391417,0,0,1,0,1,0,1,0,1,0,1,0,0
-0.4475971418545622,-0.4931071252875273,0,0,1,0,1,0,1,0,1,0,1,0,0
0.7123885203279295,1.0171185529184965,1,1,0,0,1,0,1,0,0,0,0,0,1
-0.4475971418545622,-0.4931071252875273,0,0,1,0,1,0,1,0,1,0,1,0,0
-0.4475971418545622,-0.4805744802069444,0,0,1,0,1,0,1,0,1,0,1,0,0
-0.4475971418545622,-0.3918228915750611,0,0,0,0,1,0,1,0,1,0,1,0,0
-0.4475971418545622,-0.5094762943723704,0,0,1,0,1,0,1,0,1,0,1,0,0
-0.4475971418545622,-0.125823893946362,0,0,0,0,1,0,1,0,1,0,0,0,1
-0.4475971418545622,-0.4992455636943435,0,0,1,0,1,0,0,0,1,0,1,0,0
0.7123885203279295,0.9719335078059232,1,1,0,1,0,0,1,0,0,1,0,0,1
-0.4475971418545622,-0.4962622826286308,0,0,1,0,1,0,1,0,1,0,1,0,0
-0.4475971418545622,-0.3619839424795279,0,0,1,0,1,1,0,0,1,0,1,0,0
-0.4475971418545622,-0.4971134794210427,0,0,1,0,1,0,1,0,1,0,1,0,0
1.8723741825104208,-0.2003383977667031,0,0,1,1,0,1,0,0,0,1,0,0,1
-0.4475971418545622,-0.1145700902005324,1,1,0,0,1,0,1,0,1,0,1,0,0
1.8723741825104208,-0.0900163365732679,0,0,0,1,0,0,1,1,0,0,0,0,1
-0.4475971418545622,-0.0501164869289631,1,1,0,0,1,1,0,0,1,0,1,0,0
-0.4475971418545622,-0.3620678344710877,0,0,1,1,0,1,0,0,0,1,0,0,1
-0.4475971418545622,0.3059129406663726,0,1,0,0,1,0,1,0,1,0,1,0,0
1.8723741825104208,-0.3918228915750611,0,0,0,1,0,0,1,1,0,0,0,0,1
0.7123885203279295,0.557588915345834,0,1,0,1,0,1,0,0,0,1,0,0,1
0.7123885203279295,-0.4665072255246574,0,0,1,0,1,0,1,0,0,0,0,0,1
-0.4475971418545622,-0.3406692381849267,0,0,1,1,0,0,0,0,0,1,0,0,1
1.8723741825104208,0.1929493048118709,0,0,0,1,0,1,0,1,0,0,0,0,1
1.8723741825104208,-0.3357237029751685,0,0,1,1,0,1,0,1,0,0,0,0,1
-0.4475971418545622,-0.3918228915750611,0,0,0,0,1,0,1,0,1,0,1,0,0
0.7123885203279295,-0.3283923613712944,0,0,1,1,0,0,1,1,0,0,0,0,1
-0.4475971418545622,-0.4992455636943435,0,0,1,1,0,0,0,1,0,0,1,0,0
-0.4475971418545622,-0.5120339770418771,0,0,1,0,1,0,1,0,1,0,1,0,0
4.192345506875404,4.723542447438383,1,1,0,0,1,0,1,0,1,0,0,1,0
-0.4475971418545622,-0.4665072255246574,0,0,1,0,1,0,1,0,1,0,1,0,0
-0.4475971418545622,-0.5099878309062716,0,0,1,0,1,1,0,0,1,0,1,0,0
-0.4475971418545622,-0.3742608192931602,0,0,0,0,1,1,0,0,1,0,1,0,0
-0.4475971418545622,-0.4995872700989895,0,0,1,1,0,0,0,1,0,0,1,0,0
-0.4475971418545622,-0.2281312007266309,0,0,0,0,1,0,1,0,1,0,0,0,1
9.992273817787863,0.7652727481097799,0,0,1,0,1,0,1,0,1,0,0,1,0
-0.4475971418545622,-0.4995872700989895,0,0,1,1,0,0,0,1,0,0,1,0,0
-0.4475971418545622,-0.495664807957034,0,0,1,1,0,0,1,1,0,0,1,0,0
-0.4475971418545622,-0.497625015954944,0,0,1,0,1,0,0,0,1,0,1,0,0
-0.4475971418545622,-0.3751130391586398,0,0,1,0,1,0,1,0,1,0,1,0,0
-0.4475971418545622,-0.4429765449651956,0,0,0,0,1,0,1,0,1,0,1,0,0
-0.4475971418545622,1.2057916419365329,1,1,0,1,0,1,0,0,0,1,0,0,1
-0.4475971418545622,-0.4964321127578861,0,0,1,0,1,0,1,0,1,0,1,0,0
-0.4475971418545622,-0.125823893946362,1,1,0,0,1,0,1,0,1,0,1,0,0
-0.4475971418545622,-0.1145700902005324,1,1,0,1,0,0,1,1,0,0,1,0,0
-0.4475971418545622,-0.4931071252875273,0,0,1,1,0,0,1,1,0,0,1,0,0
-0.4475971418545622,0.4765963128601663,1,1,0,0,1,1,0,0,1,0,0,0,1
-0.4475971418545622,-0.3611306995409805,0,0,1,0,1,0,1,0,1,0,1,0,0
1.8723741825104208,-0.2368273218029538,0,0,1,1,0,0,1,0,0,1,0,0,1
-0.4475971418545622,-0.4429765449651956,0,0,0,0,1,0,1,0,1,0,1,0,0
-0.4475971418545622,-0.5555145824234914,1,1,0,0,1,0,1,0,1,0,1,0,0
-0.4475971418545622,0.4981647392755827,0,0,1,0,1,0,1,0,1,0,1,0,0
1.8723741825104208,0.3018206483951618,0,0,1,0,1,0,1,0,0,0,0,1,0
0.7123885203279295,-0.2588233927607116,0,0,0,1,0,0,1,0,0,1,0,0,1
-0.4475971418545622,-0.4692347383234194,0,0,1,0,1,0,1,0,1,0,1,0,0
-0.4475971418545622,-0.1820929126755099,0,0,1,0,1,0,0,0,1,0,0,0,1
-0.4475971418545622,-0.4962622826286308,0,0,1,0,1,0,1,0,1,0,1,0,0
-0.4475971418545622,0.0035089109929826,1,1,0,0,1,0,1,0,1,0,1,0,0
-0.4475971418545622,-0.3918228915750611,0,0,0,1,0,0,1,0,0,1,1,0,0
-0.4475971418545622,4.71075403409085,0,1,0,1,0,1,0,1,0,0,1,0,0
-0.4475971418545622,-0.5197070250503972,0,0,1,0,1,0,0,0,1,0,1,0,0
-0.4475971418545622,1.0501985974928283,1,1,0,1,0,0,1,0,0,1,0,0,1
-0.4475971418545622,-0.5044468671710524,0,0,1,1,0,0,1,1,0,0,1,0,0
1.8723741825104208,4.723542447438383,1,1,0,1,0,0,1,1,0,0,0,1,0
-0.4475971418545622,-0.4971134794210427,0,0,1,0,1,0,1,0,1,0,1,0,0
0.7123885203279295,0.140175103682337,1,0,0,1,0,0,1,1,0,0,0,0,1
0.7123885203279295,2.7155917217463506,0,1,0,1,0,0,1,0,0,1,0,0,1
5.352331169057896,-0.0155877708906223,0,0,1,0,1,0,1,0,1,0,0,1,0
-0.4475971418545622,-0.4931071252875273,0,0,1,1,0,0,1,1,0,0,1,0,0
-0.4475971418545622,-0.4992455636943435,0,0,1,1,0,0,0,0,0,0,1,0,0
-0.4475971418545622,-0.4983084287642362,0,0,1,0,1,0,1,0,1,0,1,0,0
-0.4475971418545622,-0.4805744802069444,0,0,1,0,1,0,1,0,1,0,0,0,1
-0.4475971418545622,0.9373188536298868,1,1,0,1,0,0,1,1,0,0,0,0,1
-0.4475971418545622,2.117433637340288,1,1,0,1,0,1,0,1,0,0,1,0,0
-0.4475971418545622,-0.4051228414564961,0,0,0,0,1,0,0,0,1,0,1,0,0
-0.4475971418545622,-0.1342642467557342,1,1,0,0,1,0,1,0,1,0,1,0,0
1.8723741825104208,-0.0439780485221469,0,0,0,1,0,0,1,0,0,1,0,0,1
-0.4475971418545622,-0.4962622826286308,0,0,1,0,1,0,1,0,1,0,1,0,0
1.8723741825104208,0.1929493048118709,0,0,0,1,0,1,0,1,0,0,0,0,1
-0.4475971418545622,-0.3918228915750611,0,0,0,0,1,0,1,0,1,0,1,0,0
-0.4475971418545622,-0.4931071252875273,0,0,1,0,1,0,1,0,1,0,1,0,0
-0.4475971418545622,-0.495664807957034,0,0,1,0,1,0,1,0,1,0,1,0,0
-0.4475971418545622,-0.4966019428871413,0,0,1,0,1,0,0,0,1,0,1,0,0
-0.4475971418545622,-0.3390486904455272,0,0,0,0,1,1,0,0,1,0,1,0,0
0.7123885203279295,-0.3161154845576622,1,0,1,1,0,0,1,1,0,0,0,0,1
-0.4475971418545622,-0.4805744802069444,0,0,1,0,1,0,1,0,1,0,1,0,0
-0.4475971418545622,0.9121696714771612,1,1,0,0,1,1,0,0,1,0,0,0,1
0.7123885203279295,-0.4300183014884067,0,0,1,0,1,0,1,0,0,0,0,0,1
-0.4475971418545622,-0.3283923613712944,0,0,1,1,0,0,1,0,0,1,0,0,1
-0.4475971418545622,-0.4997571002282448,0,0,1,1,0,0,0,1,0,0,1,0,0
-0.4475971418545622,-0.4931071252875273,0,0,1,0,1,0,1,0,1,0,1,0,0
-0.4475971418545622,-0.293607877066003,0,0,1,1,0,0,1,0,0,1,0,0,1
-0.4475971418545622,-0.497625015954944,0,0,1,1,0,0,0,1,0,0,1,0,0
-0.4475971418545622,-0.5099018927685763,0,0,1,0,1,1,0,0,1,0,1,0,0
-0.4475971418545622,-0.3918228915750611,0,0,0,0,1,0,1,0,1,0,1,0,0
-0.4475971418545622,0.4061741013110361,1,1,0,1,0,0,1,0,0,1,0,0,1
-0.4475971418545622,-0.4962622826286308,0,0,1,0,1,0,1,0,1,0,1,0,0
-0.4475971418545622,-0.5099018927685763,0,0,1,0,1,1,0,0,1,0,1,0,0
-0.4475971418545622,-0.3283923613712944,0,0,1,0,1,0,1,0,1,0,0,0,1
-0.4475971418545622,-0.4852642471497519,0,0,1,0,1,0,1,0,1,0,1,0,0
-0.4475971418545622,-0.4971134794210427,0,0,1,1,0,0,1,1,0,0,1,0,0
0.7123885203279295,-0.2378503948707565,0,0,1,1,0,0,1,0,0,1,0,0,1
-0.4475971418545622,-0.1636775974550615,0,0,1,0,1,0,1,0,1,0,1,0,0
-0.4475971418545622,0.3652511785989285,1,1,0,0,1,0,1,0,1,0,1,0,0
-0.4475971418545622,-0.4931071252875273,0,0,1,0,1,0,1,0,1,0,1,0,0
-0.4475971418545622,0.355106386058597,1,1,0,1,0,1,0,0,0,0,1,0,0
0.7123885203279295,0.5980862396617356,0,1,0,0,1,1,0,0,1,0,0,0,1
1.8723741825104208,-0.3458705416616356,0,0,1,1,0,1,0,0,0,1,0,0,1
-0.4475971418545622,0.1631942477078975,1,1,0,0,1,1,0,0,1,0,1,0,0
-0.4475971418545622,-0.4805744802069444,0,0,1,0,1,0,1,0,1,0,1,0,0
-0.4475971418545622,-0.5033378559655542,0,0,1,0,1,0,1,0,1,0,1,0,0
1.8723741825104208,-0.5099018927685763,0,0,1,0,1,1,0,0,1,0,0,0,1
0.7123885203279295,4.406815394815756,1,1,0,0,1,1,0,0,1,0,0,0,1
-0.4475971418545622,0.5698657921594663,1,1,0,1,0,0,1,0,0,1,0,0,1
-0.4475971418545622,-0.5197070250503972,0,0,1,1,0,0,0,1,0,0,1,0,0
1.8723741825104208,1.7975534735226928,1,1,0,1,0,0,1,1,0,0,0,0,1
-0.4475971418545622,-0.4122843529311149,0,0,0,1,0,1,0,1,0,0,1,0,0
-0.4475971418545622,-0.125823893946362,0,0,0,1,0,0,1,0,0,1,0,0,1
-0.4475971418545622,-0.3918228915750611,0,0,0,0,1,0,1,0,1,0,1,0,0
1.8723741825104208,2.7155917217463506,1,1,0,1,0,0,1,1,0,0,0,0,1
-0.4475971418545622,2.44311257930619,0,1,0,1,0,0,1,1,0,0,1,0,0
-0.4475971418545622,-0.4992455636943435,0,0,1,1,0,0,0,1,0,0,1,0,0
-0.4475971418545622,0.5238275041083453,1,1,0,0,1,1,0,0,1,0,0,0,1
-0.4475971418545622,0.4981647392755827,0,0,1,0,1,0,1,0,1,0,1,0,0
1.8723741825104208,0.7652727481097799,0,0,1,0,1,0,1,0,1,0,0,1,0
-0.4475971418545622,-0.4966019428871413,0,0,1,1,0,0,0,1,0,0,1,0,0
-0.4475971418545622,-0.5151031962452851,0,0,1,0,1,0,1,0,1,0,1,0,0
-0.4475971418545622,-0.4992455636943435,0,0,1,0,1,0,0,0,1,0,1,0,0
-0.4475971418545622,-0.4634380063212494,0,0,1,0,1,0,1,0,1,0,1,0,0
-0.4475971418545622,-0.4931071252875273,0,0,1,1,0,0,1,1,0,0,1,0,0
-0.4475971418545622,-0.495664807957034,0,0,1,0,1,0,1,0,1,0,1,0,0
-0.4475971418545622,-0.4805744802069444,0,0,1,1,0,0,1,1,0,0,1,0,0
-0.4475971418545622,-0.293607877066003,0,0,1,0,1,0,1,0,1,0,0,0,1
-0.4475971418545622,-0.4429765449651956,0,0,0,0,1,0,1,0,0,0,1,0,0
-0.4475971418545622,-0.5135685866435811,0,0,1,0,1,0,1,0,1,0,1,0,0
-0.4475971418545622,0.4286817088026953,1,1,0,1,0,0,1,0,0,1,0,0,1
-0.4475971418545622,-0.1145700902005324,1,1,0,0,1,0,1,0,0,0,1,0,0
-0.4475971418545622,-0.1636775974550615,0,0,1,0,1,0,1,0,1,0,0,0,1
-0.4475971418545622,-0.3335077267103079,0,0,1,0,1,0,1,0,1,0,0,0,1
-0.4475971418545622,1.2057916419365329,1,1,0,0,1,1,0,0,1,0,0,0,1
-0.4475971418545622,-0.4992455636943435,0,0,1,0,1,0,0,0,1,0,1,0,0
-0.4475971418545622,-0.4931071252875273,0,0,1,1,0,0,1,0,0,1,1,0,0
0.7123885203279295,-0.2741694887777519,0,0,0,0,1,0,1,0,0,0,0,0,1
-0.4475971418545622,0.8460955204661923,0,0,0,0,1,0,1,0,1,0,0,0,1
-0.4475971418545622,-0.4634380063212494,0,0,1,0,1,0,1,0,1,0,1,0,0
-0.4475971418545622,-0.3304385075068998,0,0,0,1,0,0,1,0,0,1,1,0,0
-0.4475971418545622,2.4822451241496424,1,1,0,1,0,0,1,1,0,0,1,0,0
1.8723741825104208,-0.4085337670645503,0,0,1,1,0,0,1,0,0,1,0,0,1
-0.4475971418545622,0.4859738005996458,1,1,0,1,0,0,1,0,0,1,0,0,1
0.7123885203279295,-0.2378503948707565,0,0,1,0,1,0,1,0,1,0,0,0,1
-0.4475971418545622,-0.4992455636943435,0,0,1,1,0,0,0,1,0,0,1,0,0
-0.4475971418545622,-0.4971134794210427,0,0,1,1,0,0,1,1,0,0,1,0,0
-0.4475971418545622,-0.4805744802069444,0,0,1,1,0,0,1,1,0,0,1,0,0
-0.4475971418545622,-0.4966019428871413,0,0,1,0,1,0,0,0,1,0,1,0,0
-0.4475971418545622,-0.4736687369992762,0,0,1,0,1,0,1,0,1,0,1,0,0
-0.4475971418545622,-0.4983084287642362,0,0,1,0,1,0,1,0,1,0,1,0,0
0.7123885203279295,0.0071756048679874,0,0,0,1,0,0,1,0,0,1,0,0,1
-0.4475971418545622,-0.5094762943723704,0,0,1,0,1,0,1,0,1,0,1,0,0
-0.4475971418545622,-0.495664807957034,0,0,1,1,0,0,1,1,0,0,0,0,1
-0.4475971418545622,-0.6578218892037603,1,1,0,0,1,0,1,0,1,0,1,0,0
-0.4475971418545622,-0.1199412238064965,1,1,0,0,1,0,1,0,1,0,1,0,0
-0.4475971418545622,-0.0906138112448647,0,1,0,0,1,1,0,0,0,0,1,0,0
-0.4475971418545622,-0.4998430383659402,0,0,1,1,0,0,0,1,0,0,1,0,0
-0.4475971418545622,-0.5099878309062716,0,0,1,0,1,1,0,0,1,0,1,0,0
1.8723741825104208,1.7975534735226928,1,1,0,0,1,0,1,0,1,0,0,0,1
-0.4475971418545622,-0.4025651587869893,0,0,1,1,0,0,1,1,0,0,1,0,0
-0.4475971418545622,-0.4931071252875273,0,0,1,0,1,0,1,0,1,0,1,0,0
-0.4475971418545622,-0.0906138112448647,1,1,0,1,0,1,0,1,0,0,1,0,0
-0.4475971418545622,-0.2281312007266309,0,0,0,1,0,0,1,0,0,1,1,0,0
-0.4475971418545622,-0.4931071252875273,0,0,1,0,1,0,1,0,1,0,1,0,0
-0.4475971418545622,-0.4805744802069444,0,0,1,0,1,0,1,0,1,0,1,0,0
-0.4475971418545622,-0.3815921608970343,0,0,0,0,1,0,1,0,1,0,1,0,0
-0.4475971418545622,0.9373188536298868,1,1,0,1,0,0,1,0,0,1,0,0,1
0.7123885203279295,-0.4971134794210427,0,0,1,0,1,0,1,0,1,0,0,0,1
-0.4475971418545622,-0.5301935239953748,0,0,1,0,1,0,1,0,1,0,1,0,0
-0.4475971418545622,-0.4987340271604422,0,0,1,1,0,0,1,1,0,0,1,0,0
-0.4475971418545622,1.5197891356142628,0,1,0,1,0,1,0,1,0,0,1,0,0
3.032359844692913,4.71075403409085,1,1,0,1,0,1,0,0,0,1,0,1,0
1.8723741825104208,-0.125823893946362,0,0,0,1,0,0,1,0,0,1,0,0,1
0.7123885203279295,-0.061881827208694,0,0,1,0,1,0,0,0,0,0,0,1,0
-0.4475971418545622,-0.4429765449651956,0,0,0,1,0,0,1,1,0,0,1,0,0
-0.4475971418545622,1.0501985974928283,1,1,0,0,1,0,1,0,1,0,0,0,1
-0.4475971418545622,-0.4935327236837333,0,0,1,1,0,0,0,1,0,0,1,0,0
-0.4475971418545622,2.1408804259081906,1,1,0,0,1,1,0,0,1,0,0,0,1
-0.4475971418545622,-0.4931071252875273,0,0,1,0,1,0,1,0,1,0,1,0,0
-0.4475971418545622,0.0685599889361488,1,1,0,0,1,0,1,0,1,0,1,0,0
-0.4475971418545622,-0.0746702405562276,1,1,0,0,1,0,1,0,1,0,1,0,0
1.8723741825104208,-0.3611306995409805,0,0,0,1,0,0,1,0,0,1,0,0,1
-0.4475971418545622,0.4859738005996458,1,1,0,0,1,0,1,0,1,0,0,0,1
-0.4475971418545622,-0.5027403812939575,0,0,1,0,1,0,1,0,1,0,1,0,0
-0.4475971418545622,0.4286817088026953,1,1,0,0,1,0,1,0,1,0,0,0,1
-0.4475971418545622,-0.4429765449651956,1,0,0,1,0,0,1,1,0,0,1,0,0
-0.4475971418545622,-0.4931071252875273,0,0,1,0,1,0,1,0,1,0,1,0,0
0.7123885203279295,0.6385815178315017,1,1,0,0,1,1,0,0,1,0,0,0,1
-0.4475971418545622,-0.4992455636943435,0,0,1,0,1,0,0,0,1,0,1,0,0
-0.4475971418545622,-0.3017924616084246,0,0,1,0,1,0,1,0,1,0,0,0,1
-0.4475971418545622,-0.4983084287642362,0,0,1,0,1,0,1,0,1,0,1,0,0
-0.4475971418545622,-0.4992455636943435,0,0,1,0,1,0,0,0,1,0,1,0,0
0.7123885203279295,-0.5929426875359849,0,0,1,0,1,0,1,0,0,0,0,0,1
-0.4475971418545622,0.881733247710031,1,1,0,0,1,1,0,0,1,0,1,0,0
-0.4475971418545622,0.9373188536298868,1,1,0,1,0,0,1,1,0,0,1,0,0
-0.4475971418545622,-0.5099018927685763,0,0,1,0,1,1,0,0,1,0,1,0,0
-0.4475971418545622,-0.5099878309062716,0,0,1,0,1,1,0,0,1,0,1,0,0
-0.4475971418545622,-0.5099018927685763,0,0,1,0,1,1,0,0,1,0,1,0,0
-0.4475971418545622,2.0942446631854725,1,1,0,1,0,1,0,1,0,0,1,0,0
-0.4475971418545622,-0.4429765449651956,0,0,0,1,0,0,1,1,0,0,1,0,0
-0.4475971418545622,0.9627258501956988,0,1,0,0,1,1,0,0,1,0,1,0,0
-0.4475971418545622,-0.4429765449651956,0,0,0,0,1,0,1,0,1,0,1,0,0
1.8723741825104208,-0.3161154845576622,1,0,1,1,0,0,1,0,0,1,0,0,1
-0.4475971418545622,-0.5099018927685763,0,0,1,1,0,1,0,0,0,1,1,0,0
0.7123885203279295,-0.2588233927607116,0,0,0,1,0,0,1,1,0,0,0,0,1
-0.4475971418545622,-0.4931071252875273,0,0,1,0,1,0,1,0,1,0,1,0,0
-0.4475971418545622,-0.4429765449651956,0,0,0,0,1,0,1,0,1,0,1,0,0
-0.4475971418545622,-0.4983084287642362,0,0,1,0,1,0,1,0,1,0,1,0,0
-0.4475971418545622,-0.4801488818107385,0,0,1,1,0,0,1,0,0,1,1,0,0
-0.4475971418545622,-0.5094762943723704,0,0,1,0,1,0,1,0,1,0,1,0,0
-0.4475971418545622,-0.4051228414564961,0,0,0,0,1,0,0,0,1,0,1,0,0
-0.4475971418545622,0.4286817088026953,1,1,0,1,0,0,1,0,0,1,0,0,1
-0.4475971418545622,0.6721730989397352,0,0,0,0,1,0,1,0,1,0,1,0,0
-0.4475971418545622,-0.4992455636943435,0,0,1,1,0,0,0,1,0,0,1,0,0
1.8723741825104208,2.44311257930619,1,1,0,0,1,0,1,0,0,0,0,0,1
0.7123885203279295,1.2553247475872678,1,1,0,0,1,0,1,0,1,0,0,0,1
-0.4475971418545622,4.71075403409085,1,1,0,1,0,1,0,1,0,0,1,0,0
-0.4475971418545622,-0.6578218892037603,0,0,0,0,1,0,1,0,1,0,1,0,0
-0.4475971418545622,-0.5033378559655542,0,0,1,0,1,0,1,0,1,0,1,0,0
-0.4475971418545622,-0.4987340271604422,0,0,1,0,1,0,1,0,1,0,1,0,0
-0.4475971418545622,-0.4931071252875273,0,0,1,0,1,0,1,0,1,0,1,0,0
-0.4475971418545622,-0.5135685866435811,0,0,1,0,1,0,1,0,1,0,1,0,0
-0.4475971418545622,-0.4992455636943435,0,0,1,1,0,0,0,1,0,0,1,0,0
1.8723741825104208,0.7652727481097799,0,0,1,0,1,0,1,0,1,0,0,1,0
-0.4475971418545622,-0.3918228915750611,0,0,0,0,1,0,1,0,1,0,1,0,0
-0.4475971418545622,-0.0439780485221469,1,1,0,0,1,0,1,0,1,0,1,0,0
-0.4475971418545622,-0.5120339770418771,0,0,1,0,1,0,1,0,1,0,1,0,0
-0.4475971418545622,-0.4995013319612941,0,0,1,0,1,0,0,0,1,0,1,0,0
-0.4475971418545622,-0.4962622826286308,0,0,1,0,1,0,1,0,1,0,1,0,0
-0.4475971418545622,-0.5094762943723704,0,0,1,0,1,0,1,0,1,0,1,0,0
-0.4475971418545622,-0.3918228915750611,0,0,0,0,1,0,1,0,1,0,1,0,0
-0.4475971418545622,-0.4429765449651956,0,0,0,0,1,0,1,0,1,0,1,0,0
-0.4475971418545622,-0.125823893946362,0,0,0,0,1,0,1,0,0,0,0,0,1
-0.4475971418545622,-0.4987340271604422,0,0,1,0,1,0,1,0,1,0,1,0,0
-0.4475971418545622,-0.5135685866435811,0,0,1,0,1,0,1,0,1,0,1,0,0
-0.4475971418545622,-0.4962622826286308,0,0,1,0,1,0,1,0,1,0,1,0,0
-0.4475971418545622,-0.3918228915750611,1,0,0,0,1,0,1,0,1,0,1,0,0
0.7123885203279295,-0.1872082780145234,0,0,0,1,0,0,1,1,0,0,0,0,1
-0.4475971418545622,-0.4015420857191867,0,0,0,0,1,0,1,0,0,0,1,0,0
0.7123885203279295,1.0437184526813663,1,1,0,1,0,1,0,0,0,1,0,0,1
-0.4475971418545622,-0.4971134794210427,0,0,1,1,0,0,1,1,0,0,1,0,0
-0.4475971418545622,-0.1145700902005324,0,1,0,0,1,0,1,0,1,0,1,0,0
0.7123885203279295,0.140175103682337,1,0,0,0,1,0,1,0,0,0,0,0,1
-0.4475971418545622,-0.4964321127578861,0,0,1,0,1,0,1,0,1,0,1,0,0
-0.4475971418545622,0.4033606503745786,1,1,0,1,0,0,1,0,0,1,0,0,1
-0.4475971418545622,-0.4805744802069444,0,0,1,1,0,0,1,1,0,0,1,0,0
-0.4475971418545622,0.5698657921594663,1,1,0,0,1,0,1,0,1,0,0,0,1
-0.4475971418545622,1.2553247475872678,1,1,0,0,1,0,1,0,1,0,1,0,0
-0.4475971418545622,-0.5145916597113838,0,0,1,0,1,0,1,0,1,0,1,0,0
-0.4475971418545622,-0.3918228915750611,0,0,0,1,0,0,1,0,0,0,1,0,0
0.7123885203279295,3.6697771876016136,1,1,0,1,0,1,0,0,0,1,0,0,1
-0.4475971418545622,0.4286817088026953,1,1,0,0,1,0,1,0,1,0,0,0,1
-0.4475971418545622,-0.4962622826286308,0,0,1,0,1,0,1,0,1,0,1,0,0
0.7123885203279295,-0.1207085286073486,0,0,0,0,1,0,1,0,1,0,0,0,1
-0.4475971418545622,-0.125823893946362,0,0,0,1,0,0,1,0,0,1,0,0,1
-0.4475971418545622,-0.4992455636943435,0,0,1,1,0,0,0,1,0,0,1,0,0
-0.4475971418545622,-0.1145700902005324,1,1,0,0,1,0,1,0,1,0,1,0,0
0.7123885203279295,2.0942446631854725,1,1,0,0,1,1,0,0,1,0,0,0,1
3.032359844692913,-0.2741694887777519,0,0,0,1,0,0,1,0,0,1,0,1,0
-0.4475971418545622,-0.125823893946362,0,0,0,0,1,0,1,0,1,0,0,0,1
0.7123885203279295,-0.1207085286073486,0,0,0,0,1,0,1,0,1,0,0,0,1
-0.4475971418545622,0.943629168312094,1,1,0,1,0,1,0,0,0,1,0,0,1
-0.4475971418545622,-0.526101231724164,0,0,1,0,1,1,0,0,1,0,0,0,1
-0.4475971418545622,-0.125823893946362,0,0,0,1,0,0,1,1,0,0,0,0,1
-0.4475971418545622,-0.4962622826286308,0,0,1,0,1,0,1,0,1,0,1,0,0
0.7123885203279295,-0.3406692381849267,0,0,1,1,0,0,0,0,0,1,0,0,1
-0.4475971418545622,-0.5120339770418771,0,0,1,0,1,0,1,0,1,0,1,0,0
0.7123885203279295,0.9627258501956988,1,1,0,0,1,1,0,0,1,0,0,0,1
3.032359844692913,0.0455408449105883,0,0,1,0,1,0,1,0,1,0,0,1,0
-0.4475971418545622,-0.4931071252875273,0,0,1,0,1,0,1,0,1,0,1,0,0
-0.4475971418545622,-0.4987340271604422,0,0,1,0,1,0,1,0,1,0,1,0,0
-0.4475971418545622,-0.4982224906265408,0,0,1,0,1,0,1,0,1,0,1,0,0
1.8723741825104208,0.0455408449105883,0,0,1,0,1,0,1,0,1,0,0,1,0
-0.4475971418545622,-0.3918228915750611,0,0,0,1,0,0,1,0,0,1,1,0,0
0.7123885203279295,0.6103631164753679,1,1,0,1,0,1,0,1,0,0,0,0,1
-0.4475971418545622,1.1120945180948911,1,1,0,1,0,0,1,0,0,0,1,0,0
-0.4475971418545622,-0.03374731784412,1,1,0,0,1,1,0,0,0,0,1,0,0
-0.4475971418545622,-0.3611306995409805,0,0,1,0,1,0,1,0,1,0,1,0,0
-0.4475971418545622,-0.4918282839527739,0,0,1,1,0,0,1,0,0,1,1,0,0
-0.4475971418545622,-0.4962622826286308,0,0,1,0,1,0,1,0,1,0,1,0,0
0.7123885203279295,-0.061881827208694,0,0,1,0,1,0,0,0,0,0,0,1,0
4.192345506875404,-0.2265965911249269,0,0,1,1,0,0,1,0,0,1,0,1,0
-0.4475971418545622,-0.4847527106158505,0,0,1,0,1,0,0,0,1,0,1,0,0
0.7123885203279295,-0.4858596756752131,0,0,1,0,1,0,1,0,1,0,0,0,1
-0.4475971418545622,-0.4931071252875273,0,0,1,0,1,0,1,0,1,0,1,0,0
-0.4475971418545622,-0.4429765449651956,0,0,0,0,1,0,1,0,1,0,1,0,0
1.8723741825104208,-0.0155877708906223,0,0,1,0,1,0,1,0,0,0,0,1,0
1.8723741825104208,-0.2442446015445233,0,0,1,1,0,0,1,0,0,1,0,0,1
-0.4475971418545622,0.8460955204661923,0,0,0,0,1,0,1,0,1,0,0,0,1
-0.4475971418545622,-0.3918228915750611,0,0,0,0,1,0,1,0,1,0,1,0,0
-0.4475971418545622,-0.125823893946362,0,0,0,0,1,0,1,0,1,0,1,0,0
-0.4475971418545622,0.5084814080913049,1,1,0,0,1,0,1,0,1,0,0,0,1
0.7123885203279295,3.6664522001312543,1,1,0,1,0,0,1,0,0,1,0,0,1
-0.4475971418545622,-0.495664807957034,0,0,1,1,0,0,1,1,0,0,1,0,0
-0.4475971418545622,-0.3283923613712944,0,0,1,1,0,0,1,0,0,1,0,0,1
-0.4475971418545622,-0.3741748811554647,1,0,0,0,1,1,0,0,1,0,1,0,0
-0.4475971418545622,-0.4984782588934914,0,0,1,1,0,0,0,1,0,0,1,0,0
1.8723741825104208,0.3018206483951618,0,0,1,0,1,0,1,0,1,0,0,1,0
-0.4475971418545622,-0.503935330637151,0,0,1,0,1,0,1,0,1,0,1,0,0
-0.4475971418545622,-0.4987340271604422,0,0,1,0,1,0,1,0,1,0,1,0,0
-0.4475971418545622,-0.4992455636943435,0,0,1,1,0,0,0,1,0,0,1,0,0
-0.4475971418545622,-0.4987340271604422,0,0,1,1,0,0,1,1,0,0,1,0,0
-0.4475971418545622,-0.5099878309062716,0,0,1,0,1,1,0,0,1,0,1,0,0
-0.4475971418545622,-0.4992455636943435,0,0,1,0,1,0,0,0,1,0,1,0,0
-0.4475971418545622,-0.4931071252875273,0,0,1,0,1,0,1,0,1,0,1,0,0
-0.4475971418545622,-0.2281312007266309,0,0,0,1,0,0,1,0,0,1,0,0,1
-0.4475971418545622,-0.4992455636943435,0,0,1,1,0,0,0,1,0,0,1,0,0
-0.4475971418545622,-0.4987340271604422,0,0,1,0,1,0,1,0,1,0,1,0,0
-0.4475971418545622,0.4981647392755827,0,0,1,0,1,0,1,0,1,0,1,0,0
-0.4475971418545622,-0.3488538227273482,0,0,1,0,1,0,1,0,1,0,1,0,0
1.8723741825104208,-0.495664807957034,0,0,1,1,0,0,1,1,0,0,0,1,0
-0.4475971418545622,-0.6578218892037603,0,0,1,0,1,0,1,0,1,0,1,0,0
0.7123885203279295,-0.4085337670645503,0,0,1,1,0,0,1,1,0,0,0,0,1
-0.4475971418545622,-0.1636775974550615,0,0,1,0,1,0,0,0,1,0,1,0,0
1.8723741825104208,4.71075403409085,1,1,0,1,0,1,0,1,0,0,0,1,0
-0.4475971418545622,-0.3691454539541468,0,0,1,0,1,0,1,0,1,0,0,0,1
-0.4475971418545622,-0.4278002790774105,0,0,1,1,0,1,0,1,0,0,0,0,1
-0.4475971418545622,-0.4931071252875273,0,0,1,1,0,0,1,1,0,0,1,0,0
1.8723741825104208,0.094136815631216,0,0,0,1,0,0,1,0,0,1,0,0,1
1.8723741825104208,0.3550204479209016,1,1,0,1,0,1,0,1,0,0,0,0,1
-0.4475971418545622,-0.4931071252875273,0,0,1,0,1,0,1,0,1,0,1,0,0
-0.4475971418545622,-0.3918228915750611,0,0,0,0,1,0,1,0,1,0,1,0,0
-0.4475971418545622,0.8460955204661923,0,0,0,0,1,0,1,0,1,0,0,0,1
5.352331169057896,-0.0178896852931784,0,0,1,0,1,0,1,0,1,0,0,1,0
-0.4475971418545622,-0.4992455636943435,0,0,1,0,1,0,0,0,1,0,1,0,0
-0.4475971418545622,-0.4225150836091418,0,0,0,0,1,0,1,0,1,0,1,0,0
-0.4475971418545622,-0.125823893946362,0,0,0,0,1,0,1,0,1,0,0,0,1
-0.4475971418545622,-0.1145700902005324,0,1,0,0,1,0,1,0,1,0,1,0,0
-0.4475971418545622,-0.2281312007266309,0,0,0,1,0,0,1,0,0,1,1,0,0
-0.4475971418545622,-0.0235165871660931,1,1,0,0,1,1,0,0,1,0,1,0,0
-0.4475971418545622,2.117433637340288,1,1,0,1,0,0,1,1,0,0,1,0,0
-0.4475971418545622,-0.4966019428871413,0,0,1,1,0,0,0,1,0,0,1,0,0
-0.4475971418545622,-0.4962622826286308,0,0,1,0,1,0,1,0,1,0,1,0,0
-0.4475971418545622,-0.3918228915750611,0,0,0,0,1,0,1,0,1,0,1,0,0
-0.4475971418545622,-0.4996711620905494,0,0,1,0,1,0,0,0,1,0,1,0,0
-0.4475971418545622,-0.125823893946362,0,0,0,0,1,0,1,0,1,0,1,0,0
1.8723741825104208,0.7949418670760579,1,1,0,1,0,0,1,1,0,0,0,0,1
1.8723741825104208,-0.1780006204042992,0,0,1,1,0,0,1,0,0,1,0,0,1
-0.4475971418545622,-0.03374731784412,0,1,0,0,1,0,1,0,1,0,1,0,0
-0.4475971418545622,-0.4971134794210427,0,0,1,0,1,0,1,0,1,0,1,0,0
1.8723741825104208,-0.4992455636943435,0,0,1,1,0,0,0,1,0,0,0,0,1
-0.4475971418545622,-0.5099018927685763,0,0,1,1,0,1,0,0,0,1,1,0,0
0.7123885203279295,-0.3324846536425052,0,0,1,0,1,0,1,0,0,0,0,0,1
-0.4475971418545622,-0.4429765449651956,0,0,0,0,1,0,1,0,1,0,1,0,0
-0.4475971418545622,-0.2281312007266309,0,0,0,1,0,0,1,1,0,0,1,0,0
-0.4475971418545622,-0.3918228915750611,0,0,0,0,1,0,1,0,1,0,1,0,0
-0.4475971418545622,-0.4805744802069444,0,0,1,0,1,1,0,0,1,0,1,0,0
-0.4475971418545622,0.4033606503745786,1,1,0,0,1,0,1,0,1,0,0,0,1
0.7123885203279295,0.0993381191079248,0,0,0,0,1,1,0,0,1,0,0,0,1
3.032359844692913,-0.1872082780145234,0,0,0,1,0,0,1,0,0,1,0,1,0
-0.4475971418545622,0.4061741013110361,0,1,0,0,1,0,1,0,1,0,0,0,1
-0.4475971418545622,-0.3619839424795279,0,0,1,0,1,1,0,0,1,0,0,0,1
-0.4475971418545622,-0.5033378559655542,0,0,1,1,0,0,1,1,0,0,1,0,0
-0.4475971418545622,-0.4992455636943435,0,0,1,0,1,0,0,0,1,0,0,0,1
-0.4475971418545622,-0.4992455636943435,0,0,1,0,1,0,0,0,1,0,1,0,0
-0.4475971418545622,-0.5135685866435811,0,0,1,0,1,0,1,0,1,0,1,0,0
-0.4475971418545622,0.557588915345834,0,1,0,0,1,1,0,0,1,0,0,0,1
-0.4475971418545622,-0.4931071252875273,0,0,1,0,1,0,1,0,1,0,1,0,0
-0.4475971418545622,1.1837096328410797,1,1,0,1,0,0,0,0,0,1,0,0,1
-0.4475971418545622,-0.0906138112448647,0,1,0,0,1,1,0,0,1,0,1,0,0
-0.4475971418545622,-0.1145700902005324,1,1,0,0,1,0,1,0,1,0,1,0,0
-0.4475971418545622,-0.4962622826286308,0,0,1,0,1,0,1,0,1,0,1,0,0
-0.4475971418545622,-0.4805744802069444,0,0,1,0,1,0,1,0,1,0,1,0,0
0.7123885203279295,-0.3458705416616356,0,0,1,0,1,1,0,0,0,0,0,0,1
-0.4475971418545622,-0.4931071252875273,0,0,1,0,1,0,1,0,1,0,1,0,0
-0.4475971418545622,-0.3918228915750611,0,0,0,0,1,0,1,0,1,0,1,0,0
1.8723741825104208,-0.3611306995409805,0,0,1,0,1,0,1,0,1,0,0,0,1
-0.4475971418545622,-0.5099878309062716,0,0,1,0,1,1,0,0,1,0,1,0,0
-0.4475971418545622,-0.03374731784412,1,1,0,0,1,0,1,0,1,0,1,0,0
-0.4475971418545622,-0.5099878309062716,0,0,1,1,0,1,0,1,0,0,1,0,0
-0.4475971418545622,-0.4931071252875273,0,0,1,0,1,0,1,0,1,0,1,0,0
-0.4475971418545622,-0.1969274721586489,0,0,1,0,1,0,1,0,1,0,1,0,0
-0.4475971418545622,-0.526101231724164,0,0,1,0,1,1,0,0,1,0,1,0,0
1.8723741825104208,2.44311257930619,1,1,0,1,0,0,1,0,0,1,0,0,1
-0.4475971418545622,0.37539597113926,1,1,0,0,1,0,1,0,1,0,1,0,0
-0.4475971418545622,-0.125823893946362,0,0,0,0,1,0,1,0,1,0,0,0,1
1.8723741825104208,-0.0900163365732679,0,0,0,0,1,0,1,0,1,0,0,0,1
-0.4475971418545622,-0.3611306995409805,0,0,1,0,1,0,1,0,1,0,0,0,1
-0.4475971418545622,-0.4971134794210427,0,0,1,1,0,0,1,1,0,0,0,0,1
-0.4475971418545622,1.025475013736309,1,1,0,1,0,0,1,0,0,1,0,0,1
-0.4475971418545622,-0.4634380063212494,0,0,1,0,1,0,1,0,1,0,1,0,0
-0.4475971418545622,-0.4962622826286308,0,0,1,0,1,1,0,0,1,0,1,0,0
0.7123885203279295,4.406815394815756,1,1,0,1,0,1,0,0,0,1,0,0,1
-0.4475971418545622,-0.4995872700989895,0,0,1,0,1,0,0,0,1,0,1,0,0
-0.4475971418545622,-0.2142337761735992,0,0,1,0,1,1,0,0,1,0,0,0,1
0.7123885203279295,-0.0644395098782007,0,0,0,0,1,0,1,0,1,0,0,0,1
-0.4475971418545622,-0.4962622826286308,0,0,1,0,1,1,0,0,1,0,1,0,0
-0.4475971418545622,-0.0739029357553755,1,1,0,0,1,1,0,0,1,0,1,0,0
-0.4475971418545622,-0.125823893946362,0,0,0,0,1,0,1,0,1,0,1,0,0
-0.4475971418545622,-0.4992455636943435,0,0,1,1,0,0,0,1,0,0,1,0,0
3.032359844692913,4.71075403409085,1,1,0,0,1,1,0,0,1,0,0,1,0
-0.4475971418545622,-0.5094762943723704,0,0,1,0,1,0,0,0,1,0,1,0,0
-0.4475971418545622,-0.4992455636943435,0,0,1,1,0,0,1,1,0,0,1,0,0
0.7123885203279295,-0.3611306995409805,0,0,0,0,1,0,1,0,0,0,0,0,1
-0.4475971418545622,0.038293395298274,1,1,0,0,1,0,1,0,1,0,1,0,0
-0.4475971418545622,-0.4992455636943435,0,0,1,0,1,0,1,0,1,0,1,0,0
-0.4475971418545622,-0.3918228915750611,0,0,0,0,1,0,1,0,1,0,1,0,0
-0.4475971418545622,-0.4807443103361997,0,0,1,0,1,0,1,0,1,0,1,0,0
-0.4475971418545622,-0.3918228915750611,0,0,0,0,1,0,1,0,1,0,1,0,0
-0.4475971418545622,-0.4931071252875273,0,0,1,0,1,0,1,0,1,0,1,0,0
1.8723741825104208,0.0993381191079248,0,0,0,0,1,1,0,0,0,0,0,0,1
1.8723741825104208,-0.0869471173698599,0,0,1,1,0,0,1,1,0,0,0,1,0
-0.4475971418545622,-0.6578218892037603,0,0,0,0,1,0,1,0,1,0,1,0,0
-0.4475971418545622,1.570431252470496,1,1,0,1,0,1,0,0,0,1,0,0,1
-0.4475971418545622,0.8460955204661923,0,0,0,0,1,0,1,0,1,0,1,0,0
-0.4475971418545622,0.2731746024966865,0,1,0,0,1,0,1,0,1,0,1,0,0
-0.4475971418545622,-0.125823893946362,1,1,0,0,1,0,1,0,1,0,1,0,0
-0.4475971418545622,-0.125823893946362,0,0,0,0,1,0,1,0,1,0,0,0,1
-0.4475971418545622,-0.6578218892037603,1,1,0,0,1,0,1,0,1,0,1,0,0
-0.4475971418545622,0.0685599889361488,1,1,0,0,1,1,0,0,0,0,1,0,0
1.8723741825104208,-0.1207085286073486,0,0,0,1,0,0,1,1,0,0,0,0,1
1.8723741825104208,-0.0155877708906223,0,0,1,0,1,0,1,0,0,0,0,1,0
0.7123885203279295,0.7949418670760579,1,1,0,0,1,0,1,0,0,0,0,0,1
-0.4475971418545622,-0.4429765449651956,0,0,0,0,1,0,1,0,1,0,1,0,0
0.7123885203279295,-0.125823893946362,0,0,0,1,0,0,1,1,0,0,0,0,1
-0.4475971418545622,1.570431252470496,1,1,0,1,0,1,0,0,0,0,1,0,0
-0.4475971418545622,-0.4987340271604422,0,0,1,1,0,0,1,1,0,0,1,0,0
-0.4475971418545622,-0.3918228915750611,0,0,0,0,1,0,1,0,1,0,1,0,0
-0.4475971418545622,-0.4805744802069444,0,0,1,0,1,0,1,0,1,0,1,0,0
-0.4475971418545622,-0.3741748811554647,0,0,0,0,1,1,0,0,1,0,1,0,0
-0.4475971418545622,-0.5099018927685763,0,0,1,0,1,1,0,0,1,0,1,0,0
-0.4475971418545622,-0.3943805742445679,1,0,0,0,1,1,0,0,1,0,1,0,0
-0.4475971418545622,-0.4962622826286308,0,0,1,0,1,0,1,0,1,0,1,0,0
-0.4475971418545622,-0.5145916597113838,0,0,1,1,0,0,1,0,0,1,0,0,1
0.7123885203279295,0.154242358364624,0,0,1,0,1,0,1,0,0,0,0,1,0
-0.4475971418545622,-0.4931071252875273,0,0,1,0,1,0,1,0,1,0,0,0,1
-0.4475971418545622,-0.4429765449651956,0,0,0,0,1,0,1,0,1,0,1,0,0
-0.4475971418545622,-0.4931071252875273,0,0,1,0,1,0,1,0,1,0,1,0,0
